Learning Rate, Activation Function, Weight Decay, Hidden Layers, Validation Error
0.00951216257855, leaky_relu, 2.40432213667e-05, 32 96, 0.902342498302
0.000505126759641, leaky_relu, 0.000312905155979, 96 128 32, 0.655809998512
0.00151467391806, leaky_relu, 0.0400037343538, 64 128 32 96, 0.977612137794
0.0127811247097, relu, 0.00552629881433, 128 96 32 64, 0.667181968689
0.0170286949109, leaky_relu, 0.0499349388947, 96 64, 0.723935604095
0.905894883856, relu, 0.0556146999536, 128 96 64 32, 5.96720790863
0.00109129129695, relu, 0.0649356903675, 96 128 32 64, 0.975333273411
0.00269867900083, relu, 0.0307262292821, 32 128 64, 0.738702833652
0.0352348482746, relu, 8.55168150559e-05, 96 128 64 32, 0.726610541344
0.00239492123187, relu, 0.0873303689841, 64 128 32, 0.975621759892
0.000665673637823, relu, 0.00826076296984, 64 128, 0.566913485527
0.000271815231889, relu, 0.000468038694254, 32, 0.67059391737
0.00828607787986, leaky_relu, 0.000178226217803, 64 96 32 128, 0.698773086071
0.000113506326573, leaky_relu, 1.95170731653e-05, 128 32 64, 0.60074877739
0.00972803677786, relu, 0.00339959511634, 96 64 32, 0.654457390308
0.000343483242123, leaky_relu, 0.000142120100607, 64 128 96 32, 0.643034160137
0.61473611059, relu, 1.42215858791e-05, 32 128, 0.98819488287
0.000110418711616, leaky_relu, 0.00421247168045, 64 128 96 32, 0.664369702339
0.0470382174342, relu, 0.0181506659283, 96 64 32, 0.647375881672
0.58443787937, relu, 0.000134276022589, 96 32, 0.978475451469
0.000610330631359, leaky_relu, 0.0529281747606, 96 64 32 128, 0.976280033588
0.000300800920108, relu, 0.0091095027873, 96 128 32 64, 0.686202406883
0.00500742083945, leaky_relu, 3.90053761599e-05, 96 128 32, 0.720795869827
0.253483188798, relu, 0.00236010485086, 32 96 64 128, 0.977959573269
0.000138389866462, relu, 0.000370769700436, 96 128 64 32, 0.649950683117
0.0669955496314, relu, 9.52688892569e-05, 32 96 128 64, 0.89835524559
0.00371627891504, leaky_relu, 0.000265522813048, 32 96 128, 0.743054032326
0.000846568451365, leaky_relu, 0.0394511204157, 64 32 96, 0.759926617146
0.379400919991, leaky_relu, 0.000338445674391, 96 128 64, 3170.61938477
0.0150608541318, relu, 0.00191469969647, 128 64 96 32, 0.637877643108
0.00500534958097, relu, 2.48583633719e-05, 32 96 64 128, 0.705637633801
0.555475049342, leaky_relu, 1.75549731705e-05, 64 96 32, 16.8796901703
0.054712950072, leaky_relu, 0.0138479180568, 32 64 96 128, 0.978653073311
0.486318967492, leaky_relu, 0.0127372630952, 32 128 64 96, 1049.07995605
0.138235361052, leaky_relu, 4.89038359957e-05, 64 128 96 32, 1.82996034622
0.128011371091, leaky_relu, 1.18734967577e-05, 96 32, 0.854924917221
0.000415195923683, leaky_relu, 2.77555506645e-05, 64 128 32 96, 0.655429899693
0.032356500811, leaky_relu, 0.0515330449367, 128 64, 0.726385056973
0.397038035794, leaky_relu, 0.00431759417687, 32 64 96 128, 69911192.0
0.187378586541, relu, 0.00100875724404, 32 96 64, 0.984599947929
0.160976477587, relu, 0.00110984811203, 128 96 32, 0.981089770794
0.000501649931724, relu, 0.0188748574097, 96 128 32, 0.647451639175
0.00120163455471, leaky_relu, 0.0439115009696, 96 128 64 32, 0.97734862566
0.225452437369, relu, 0.000235072977817, 32 96 128 64, 0.96694624424
0.000869884977877, leaky_relu, 0.00100963838036, 96 128 32, 0.665085673332
0.000214652730011, leaky_relu, 0.019610966912, 64 96 32, 0.644056916237
0.00134040799494, leaky_relu, 0.0167826510513, 64 32 96 128, 0.979342639446
0.011683110009, leaky_relu, 0.00207942549242, 96 128 64 32, 0.6361784935
0.0045023248077, relu, 0.00612312537664, 96 64, 0.625256836414
0.000941361412683, leaky_relu, 0.0801346918144, 96 32 128, 0.975753009319
0.0109654471354, relu, 0.000187516905966, 32 96 128 64, 0.693824112415
0.536329588348, relu, 0.00051442243292, 128 96 32, 0.980142354965
0.0432082421602, leaky_relu, 0.0127130079698, 96 64 32, 0.621831953526
0.67351098031, leaky_relu, 0.00459810602066, 64 128, 7286.05712891
0.00136755237632, relu, 9.94254045666e-05, 64 32 128, 0.763712882996
0.000263403639811, relu, 0.00275932868756, 64 128, 0.619450926781
0.00322020784214, leaky_relu, 0.000466770487617, 96 64 32, 0.658996939659
0.00100393977938, leaky_relu, 0.00567405690008, 64 96 128, 0.58286511898
0.360538594336, leaky_relu, 0.000176267111918, 64 128 32, 1982.66271973
0.00968561952804, leaky_relu, 0.0109776933359, 96 32 128, 0.575678408146
0.0015631946526, leaky_relu, 1.71852936301e-05, 96 32 128 64, 0.753193676472
0.0169568961848, relu, 2.63377039359e-05, 128 96 32, 0.717675149441
0.00664430630515, leaky_relu, 0.0206997042089, 64 32 96 128, 0.97898131609
0.000637741823023, relu, 0.000902054786192, 32 96 128, 0.716033399105
0.000782672515085, relu, 0.0276283331553, 32 96 128, 0.714418828487
0.0193150321805, relu, 0.0460997809869, 32 96 64 128, 0.977211952209
0.00127377476108, leaky_relu, 0.00328299861136, 32 128 96, 0.637312591076
0.00241794982233, relu, 0.000499822934422, 128 64 32 96, 0.628614902496
0.236172231868, leaky_relu, 0.000780504937957, 128 64 32, 1.32532203197
0.739592087291, leaky_relu, 0.00550401266279, 128 96, 486.932556152
0.000362997886544, relu, 0.000114408489398, 96, 0.629737734795
0.0162746612445, leaky_relu, 0.0111124312064, 96, 0.574107050896
0.923630869568, relu, 0.00439730573024, 96 128, 0.9769089818
0.00016662986086, relu, 5.22953177122e-05, 32 128 64, 0.714935839176
0.0027427347006, leaky_relu, 1.91676467392e-05, 128 96 64, 0.754096448421
0.023390105976, leaky_relu, 0.00076211587073, 32 96 128, 0.653275430202
0.508487625414, relu, 0.0183423941679, 64 128 96, 0.981604337692
0.513784366544, relu, 0.00286087556901, 96, 0.6800121665
0.0200541092641, leaky_relu, 9.87077643987e-05, 96 128 64, 0.630823791027
0.0711788939344, leaky_relu, 0.00996978831328, 64 32 128, 0.666344702244
0.000140580852066, relu, 1.12815808931e-05, 96 32 64, 0.656796455383
0.000200716987873, leaky_relu, 1.63637486567e-05, 128 64 32, 0.621398687363
0.000736982390792, leaky_relu, 0.000145546174627, 64 32 128, 0.646255552769
0.000433250609111, leaky_relu, 0.000134550695637, 32 64 96, 0.590273320675
0.935424996894, relu, 5.63826850101e-05, 128 96 64, 0.977828383446
0.241160789662, relu, 0.00420920063998, 32 128 96 64, 0.969381868839
0.000147455459772, relu, 0.0627244414646, 32 96 128, 0.972960650921
0.00208729355581, leaky_relu, 0.0116251327433, 64 32 128 96, 0.743786513805
0.0145987353102, leaky_relu, 8.60483836986e-05, 96 32 128 64, 0.680613517761
0.307354262039, leaky_relu, 0.000774029919366, 32 128, 196.609893799
0.000120616922468, leaky_relu, 0.0395672864975, 32 64 128 96, 0.974960923195
0.000193291084309, leaky_relu, 0.0192483950073, 128 96 32, 0.651719391346
0.0364514449764, relu, 0.000179607958889, 64 128 32 96, 0.698333859444
0.197947460751, relu, 0.000427331370325, 64 96 128, 0.925794959068
0.0382332518011, leaky_relu, 0.000438448258852, 96, 0.752909064293
0.000237387049806, leaky_relu, 0.00665145777797, 32 64 96 128, 0.654078304768
0.729077439635, leaky_relu, 0.0848680155208, 128 64, 60.9110832214
0.0251073430713, relu, 0.000254127070454, 96 32 128, 0.635645389557
0.0404071004834, leaky_relu, 0.000999778588793, 64 128, 0.596659958363
0.348415912927, leaky_relu, 0.00153830897925, 96 128 64 32, 22602.5878906
0.00971729941297, leaky_relu, 0.000442947571874, 32 64, 0.740054309368
0.907157415835, leaky_relu, 0.00039118641843, 96, 4.38667297363
0.000184004558727, relu, 0.0209872333061, 96, 0.58366394043
0.967716213763, relu, 0.000348912782026, 64 96 32, 0.979835808277
0.00019814783236, leaky_relu, 0.000956510513614, 64 128 32, 0.600058555603
0.024524627615, relu, 0.000113483972985, 32 64 96 128, 0.7635871768
0.00176765256923, relu, 6.88417441199e-05, 128 32 96 64, 0.706054627895
0.44818938178, leaky_relu, 0.00468820926251, 32 96 128 64, 7447.89892578
0.000791093090816, relu, 0.000621984897775, 128 96 32, 0.6485221982
0.0492682258825, leaky_relu, 0.0311309688284, 128 64 32, 0.977954387665
0.00026832683989, leaky_relu, 0.00329863529422, 96 64, 0.628131151199
0.0435056619816, relu, 1.23463277465e-05, 128 64 32, 0.858108401299
0.00037464380729, leaky_relu, 0.0599101962804, 32 64, 0.775654494762
0.00067129845699, leaky_relu, 0.000313310834006, 64 96 128, 0.7236790061
0.591559861176, relu, 0.0817802423606, 96 32 64 128, 1.35492968559
0.0280738646555, leaky_relu, 0.00826211863553, 128 64 32, 0.55779838562
0.0624166232215, leaky_relu, 0.0111185152491, 128 96 32, 0.574099361897
0.000754741049511, leaky_relu, 0.000128115005032, 96 128 32 64, 0.719810247421
0.000108760853503, leaky_relu, 0.000405944607678, 32 64, 0.679909408092
0.000541599643298, leaky_relu, 0.001103143962, 32 96, 0.706858873367
0.0163809702866, relu, 0.000392854254431, 96 128 64, 0.614857912064
0.000659488059101, relu, 1.24252475092e-05, 96 64, 0.659880936146
0.000372540597963, relu, 0.084788118438, 128 96, 0.81381213665
0.10736065205, relu, 3.95197078873e-05, 32 128, 0.936118900776
0.000512968298129, relu, 0.000228162911222, 128 32 96, 0.661166012287
0.136533201534, leaky_relu, 0.0200142517988, 32 128, 0.59042173624
0.121404664638, leaky_relu, 0.00150827267023, 64 96 32 128, 1.43350958824
0.0149350924901, leaky_relu, 0.0381259377276, 64 32 96, 0.977705657482
0.034914696419, leaky_relu, 0.0565297303398, 96 128 32 64, 0.976629912853
0.00846640924492, relu, 6.6940366393e-05, 96 32 64, 0.694118916988
0.642345111029, relu, 0.000336136725331, 64 128 32, 0.973657846451
0.0010602144819, relu, 5.71380726164e-05, 128 32 96, 0.679648697376
0.246407741899, leaky_relu, 0.00166143665583, 96 64 128 32, 20543.5097656
0.734094934581, leaky_relu, 0.000115303534062, 128 96 64 32, 561811.3125
0.000147038743611, leaky_relu, 0.0451329396243, 96 64, 0.714936852455
0.00144794759059, leaky_relu, 0.0412265286067, 64 32 128, 0.977527201176
0.00155733504605, leaky_relu, 0.0389648303987, 96 32 64 128, 0.977673053741
0.0330865705841, leaky_relu, 0.000361057997797, 64 96 32, 0.615670144558
0.00196048189434, relu, 5.2710919597e-05, 96 64 32 128, 0.64990735054
0.00529590475439, leaky_relu, 0.000517778075386, 96 32 128 64, 0.686028897762
0.000401213282264, leaky_relu, 0.0702328640189, 32 64 96 128, 0.975259244442
0.0149061278815, relu, 0.00199101826465, 64 128 32 96, 0.656607806683
0.000610615223675, leaky_relu, 9.12112618551e-05, 128 96, 0.623641908169
0.495256896865, relu, 0.0664008693082, 64 128 96, 1.00228488445
0.00345306167496, relu, 0.00055364439674, 64 128 96, 0.616923511028
0.000185342248887, relu, 0.0715671792897, 32 128 96, 0.974916815758
0.590203437806, leaky_relu, 0.0262068027899, 32 128 64 96, 16819.8554688
0.000135836586301, relu, 1.61585717552e-05, 96 128 32 64, 0.656027257442
0.00305890489702, relu, 0.00113989202113, 64 96 128, 0.701836228371
0.0013467768566, relu, 0.0479344121725, 32 96 128, 0.977140188217
0.0075106123287, leaky_relu, 0.0210055622005, 64 96 32, 0.698980331421
0.295781679948, leaky_relu, 0.00011594335886, 128, 0.798965334892
0.0369812162249, leaky_relu, 0.000135789736102, 128 96 64, 0.806770861149
0.00189387427739, relu, 0.000292922856291, 32 64 96, 0.620941877365
0.123699499899, leaky_relu, 0.00432818750151, 32 96 128 64, 0.669127523899
0.810692334474, relu, 0.000544595878004, 32 96 64 128, 0.96877849102
0.219000264902, leaky_relu, 0.000123668254469, 32 96, 4.64348936081
0.414777806287, leaky_relu, 0.0205219301818, 64 128 32, 14.1979074478
0.00426164242088, leaky_relu, 0.0523909253013, 96 128 64 32, 0.976956307888
0.00917137782198, leaky_relu, 0.0262170928173, 96 64 32 128, 0.978519320488
0.000400424237365, leaky_relu, 0.00426732117164, 64 32, 0.587209045887
0.0159290160349, relu, 0.000385307490457, 32 96, 0.742001235485
0.697251910907, relu, 3.72811848132e-05, 64 128 32, 0.977274298668
0.393767008726, leaky_relu, 0.00234700971935, 96 128 64 32, 688.015197754
0.000133269452348, relu, 0.0404845034353, 96 32, 0.684199929237
0.0684207638293, relu, 0.00079726721583, 128 64 96, 0.762854993343
0.256535883672, relu, 0.0300792588779, 64 96 128 32, 1.47015190125
0.181631469912, leaky_relu, 0.00713863609863, 96 128 64 32, 224752848.0
0.00555110486344, leaky_relu, 0.0125285003872, 96, 0.595822393894
0.830283697877, leaky_relu, 0.000878065339956, 64 32 128 96, 1490751744.0
0.000323280752022, leaky_relu, 2.74391899671e-05, 96 64 128 32, 0.590110599995
0.00746071568849, leaky_relu, 0.071624232861, 96 32, 0.797412931919
0.0925291973904, relu, 2.17751762966e-05, 64 96 128, 0.880751311779
0.000222006847504, leaky_relu, 0.0319630670469, 128 64 96, 0.738635957241
0.00018453080032, relu, 8.87503676739e-05, 96 128 32 64, 0.580549061298
0.00715865912468, relu, 3.00973960832e-05, 96 32 64 128, 0.678525090218
0.0638726379239, relu, 0.00608225369772, 32 128 64 96, 0.727345466614
0.00182395160843, leaky_relu, 0.0154216531869, 32 96, 0.604878723621
0.00136647601246, relu, 1.07265063974e-05, 128 96 64 32, 0.757974505424
0.500646203202, leaky_relu, 0.0072902923443, 64 96 128 32, 42712.2226562
0.000751889680692, leaky_relu, 0.00491748480359, 32, 0.664024829865
0.00291738320946, leaky_relu, 0.00520427246407, 64 32 128, 0.563318789005
0.072407519554, leaky_relu, 0.00228330833686, 96 64 32 128, 0.627469062805
0.301847712579, leaky_relu, 0.000554262053711, 128 64, 9.88643932343
0.0127639623024, relu, 1.42356247018e-05, 128 64 96, 0.645512998104
0.00152981313407, leaky_relu, 0.00330011947543, 64 96 32 128, 0.643956243992
0.000122203785947, leaky_relu, 0.0026199206649, 32 96, 0.627783298492
0.000127853547106, leaky_relu, 3.13376391281e-05, 128 96 64, 0.574094235897
0.0323139669195, relu, 0.00151285828951, 64 96 128, 0.627692937851
0.000549006583537, leaky_relu, 4.7668317651e-05, 32 64 128, 0.670235455036
0.00420232022571, relu, 0.0637657857997, 64 96 32 128, 0.976449131966
0.0261829547134, relu, 0.000675266168921, 96 128 32, 0.641069293022
0.477019148937, relu, 0.0641845414655, 64 96 128 32, 2.05918717384
0.00155455367022, relu, 0.00100436361135, 64 96 32, 0.699970424175
0.000421604400376, relu, 0.00269526142206, 128, 0.626405537128
0.000236423620554, relu, 0.0531919361802, 32 96 64 128, 0.973564445972
0.000801464658151, leaky_relu, 0.00064010335142, 64 32 96, 0.617137789726
0.000624748766558, leaky_relu, 0.00252356647363, 64 32 128 96, 0.589974880219
0.0328635123746, leaky_relu, 0.000215945986859, 96 64 128 32, 0.797086119652
0.00701357638619, leaky_relu, 0.00300145877307, 96 32 64, 0.595476567745
0.0177496869864, relu, 2.04229511549e-05, 32 64, 0.91084086895
0.217466172159, relu, 0.00123134551057, 128 64 96 32, 0.98108202219
0.0163073843755, relu, 4.99722101236e-05, 128 64 32 96, 0.688816249371
0.176434473987, relu, 0.000265308166119, 32 128 96 64, 0.995081007481
0.000793088369051, leaky_relu, 5.50601822135e-05, 64, 0.641642868519
0.00462520409098, relu, 0.000330135668939, 96 64 32, 0.6756503582
0.000107855546024, leaky_relu, 0.093254491799, 32 128 96, 0.973579823971
0.00256588642198, leaky_relu, 0.00083134848707, 64 32 96 128, 0.708155870438
0.0169690077571, leaky_relu, 0.000159755936694, 64 32 96, 0.688739895821
0.000791641535752, leaky_relu, 0.0101576195539, 32 96 128 64, 0.711011111736
0.000172390311543, relu, 0.0197440326373, 96 128 32 64, 0.976220846176
0.0234701294405, relu, 0.0859444344109, 128 96 32 64, 0.975589752197
0.922912517599, leaky_relu, 2.99587608085e-05, 128 64 96 32, 1578777728.0
0.000521964858918, relu, 0.000742762667378, 32 96 64, 0.644237101078
0.000139221048365, leaky_relu, 0.000788022584428, 64 128 96, 0.663716673851
0.0357281216631, relu, 0.0108400139008, 96 32 128 64, 0.979878246784
0.000435686306713, leaky_relu, 0.0322304871905, 32 96 128 64, 0.973019897938
0.00853897691935, relu, 0.00826764394827, 96 128, 0.623035430908
0.00326065636163, relu, 6.57133823041e-05, 32 96 128 64, 0.815007805824
0.00092645804718, relu, 0.00758086833302, 32 128, 0.62740957737
0.00169175249763, relu, 0.0011565928033, 128 64 32 96, 0.633807301521
0.000126355741459, relu, 1.68311525643e-05, 128 64 96, 0.595557749271
0.00516337594889, leaky_relu, 0.00544025809283, 32 96 128, 0.639025568962
0.00278805568833, leaky_relu, 0.00186491345473, 128 96 64 32, 0.616316020489
0.163978629186, leaky_relu, 0.00136744831079, 96 64 128 32, 0.756597101688
0.000281005770873, leaky_relu, 7.15363993283e-05, 32 96 64 128, 0.671366274357
0.0193194612446, relu, 5.33213379925e-05, 96 128 32 64, 0.719009518623
0.00880717661806, leaky_relu, 4.54570773997e-05, 64 32 128 96, 0.713629484177
0.0492937637835, relu, 0.0157996182685, 128 96 64 32, 0.979111194611
0.618947640577, leaky_relu, 0.00325850265388, 32 96 128, 334.047363281
0.10731073337, relu, 0.0995638034747, 64 32, 0.875270187855
0.00132723858532, relu, 1.46973289703e-05, 64 96, 0.802510738373
0.86282829205, leaky_relu, 0.00474722898872, 128 96 64 32, 56947928.0
0.000379989941225, leaky_relu, 2.60417042588e-05, 96 64, 0.611466526985
0.0475608201923, relu, 2.77489882648e-05, 96 64 32, 0.905395925045
0.0172461968833, relu, 0.028759249993, 32 96, 0.605268836021
0.000183339046029, relu, 1.78976093609e-05, 128 96 64 32, 0.65864533186
0.00279671461856, leaky_relu, 0.000150289526919, 32 96 64, 0.700703203678
0.000595262159064, relu, 7.27499700339e-05, 96 32 128, 0.688571870327
0.00117316948174, relu, 0.026948497227, 128, 0.584968328476
0.354598787542, relu, 5.52976267113e-05, 64 128, 0.973792910576
0.279868212056, relu, 0.0968771893013, 64 128 32, 0.975379288197
0.404454801696, relu, 0.00050784295979, 128 96, 0.97025758028
0.000149644208066, relu, 0.0960599155016, 128 96 64 32, 0.975201427937
0.00695169702914, leaky_relu, 1.12856169767e-05, 32 96, 0.889684140682
0.223974386834, leaky_relu, 0.0169112846173, 128 64 96, 0.900563776493
0.0154068413049, relu, 0.000210617749271, 96, 0.681658506393
0.0246947451705, relu, 0.0528086154707, 128 32, 0.743965566158
0.00376684344972, relu, 0.058148968226, 128 64 32, 0.976688861847
0.0607704625625, leaky_relu, 0.000126409136047, 128 96 64 32, 0.9799451828
0.00860082220863, relu, 0.0238602452624, 128 96 32 64, 0.978690683842
0.0798751487848, relu, 0.0769642089371, 32 96 64, 0.974466383457
0.556473142838, relu, 0.00579873488491, 32 128 64, 0.992227613926
0.000825664483488, relu, 2.04040533856e-05, 64 32 96, 0.662736475468
0.0304534878617, leaky_relu, 0.00473721859496, 32 128 96 64, 0.668119251728
0.0437720759673, leaky_relu, 0.000114714258954, 64 96, 0.703691840172
0.0808160060626, leaky_relu, 0.0541455216323, 32 96, 0.730085074902
0.00175130812939, relu, 0.00226750544053, 64 32 96, 0.712571561337
0.000178028666746, relu, 3.70159339682e-05, 96 64 32 128, 0.674150645733
0.0191014694263, leaky_relu, 0.000107719341224, 128 96 64, 0.61910367012
0.00591888451102, relu, 0.000160497694019, 32 128 64 96, 0.688899159431
0.000115360912661, leaky_relu, 0.00522527847259, 128 32 64, 0.614684939384
0.051826612757, leaky_relu, 1.82971626235e-05, 128 32 64 96, 0.885726034641
0.0997190416119, leaky_relu, 0.000506397022998, 64 32, 0.737443864346
0.0454530492433, relu, 1.41801742005e-05, 96 32 128, 0.931747913361
0.00206697923253, leaky_relu, 0.000114087913264, 128 96, 0.646645784378
0.000790511290457, leaky_relu, 0.000651218179659, 64 96 128 32, 0.731237113476
0.0892456162887, leaky_relu, 0.0985446797134, 32 96, 0.973671615124
0.00145520782152, relu, 0.0641798688626, 32 64, 0.7820302248
0.349082950545, relu, 1.55517038197e-05, 128, 1242.33459473
0.068276385029, relu, 5.65871532125e-05, 96 32 128, 0.905173659325
0.000206106731375, relu, 0.0151446375752, 96 128 32, 0.605014741421
0.000442933834323, leaky_relu, 3.35809023812e-05, 128 32 96, 0.613027513027
0.0701131748772, leaky_relu, 0.00701205135076, 96, 0.619169890881
0.00118251591356, relu, 0.0007756105087, 96 64 128 32, 0.66383689642
0.00562494287512, leaky_relu, 9.42998501742e-05, 96 128, 0.726470112801
0.000229450564006, relu, 1.20844832855e-05, 96 64 128, 0.656816363335
0.119962420358, relu, 0.00268162478848, 64 128 96, 0.862951993942
0.0620394506295, leaky_relu, 0.0100060874218, 64 32, 0.566743195057
0.00154926482536, leaky_relu, 7.68822326419e-05, 128 32 96 64, 0.657384455204
0.185461513882, leaky_relu, 0.00857777279389, 32 128, 0.626806199551
0.00127367951529, relu, 0.000135366649156, 64 32, 0.734124839306
0.710087763838, relu, 3.4157703237e-05, 64 32, 0.981243908405
0.124804923503, leaky_relu, 0.0124907285215, 64 128 32 96, 338.20123291
0.0135723867087, leaky_relu, 0.000239751464683, 64 128 96, 0.616802334785
0.0945709768714, leaky_relu, 0.000398048826811, 128 96 64, 0.83211606741
0.231857084535, leaky_relu, 2.36814806929e-05, 32 64 96, 1.14664697647
0.0244640671276, relu, 0.000102192635974, 96 32 128 64, 0.777841091156
0.0162884231132, leaky_relu, 0.00269714169874, 96 32 128, 0.615690767765
0.916779723965, leaky_relu, 1.24820498341e-05, 128 64, 2824.20581055
0.0487199817717, leaky_relu, 0.0224244598904, 32 96 128 64, 0.978228151798
0.0298571328151, leaky_relu, 5.30191350213e-05, 96 128 32, 0.713620901108
0.0743744099843, leaky_relu, 0.044974477276, 32 64 128, 0.975614607334
0.0135425826474, relu, 0.00051622239614, 128 32 64 96, 0.642041265965
0.00267080407839, relu, 0.000621898213426, 96 64 32, 0.722063004971
0.0145648051245, relu, 0.00781261714376, 96 128 64 32, 0.747588396072
0.000199429721436, relu, 0.032898004086, 128 32 96 64, 0.978014230728
0.442484222351, relu, 0.0984039643174, 32 96 64 128, 1.04182398319
0.00451520303787, relu, 0.00945995678881, 64 128 96, 0.595523536205
0.0435921702407, relu, 2.31402856048e-05, 32 64 128 96, 0.994583725929
0.000187601586719, leaky_relu, 0.0325790309899, 128 32 64, 0.74219506979
0.00656068613159, relu, 0.00465024804497, 128 96, 0.609032094479
0.00278178137929, leaky_relu, 0.000912294912597, 64 128 32 96, 0.618663311005
0.0194168936769, relu, 0.000339478807487, 32 128, 0.681730151176
0.000449974818384, leaky_relu, 0.0736181354582, 128 96 32, 0.969943106174
0.158578986001, leaky_relu, 0.0159742295338, 64 96 128, 0.990961194038
0.000177057790863, leaky_relu, 0.00375462843451, 64 32 96, 0.618678748608
0.00123118834303, relu, 0.00242334778579, 32 128 64 96, 0.730147302151
0.000749020943985, relu, 0.000196506788685, 128 64 96, 0.657365679741
0.000164125205757, leaky_relu, 0.000306903617174, 64 96, 0.666863322258
0.0329434448532, leaky_relu, 0.00157708134958, 128 32 64, 0.634121179581
0.0434009346387, leaky_relu, 0.000217439719951, 32 128 96 64, 0.769317448139
0.886074508154, leaky_relu, 0.0321017296287, 128, 0.623634874821
0.0246629517128, leaky_relu, 0.0032821063051, 96 128 32 64, 0.620920360088
0.570803832616, relu, 0.0393809311387, 64 96 128, 0.991702079773
0.911352622818, leaky_relu, 0.0120285893684, 64 32 96, 2828238.25
0.0198036765187, relu, 0.000166817685434, 64 96 128 32, 0.630721211433
0.853253300549, leaky_relu, 0.000123347566738, 96 128 32 64, 4039470.75
0.0244143843974, relu, 0.000672126418327, 96 64 128, 0.620786130428
0.00329663020283, relu, 6.18403348022e-05, 128 32 96, 0.727265655994
0.000175015500685, relu, 1.60741350698e-05, 32 96, 0.721518397331
0.00205415495827, relu, 0.000169059593819, 128 32 96 64, 0.687947928905
0.00078926123389, leaky_relu, 0.000174810747686, 32 128 64 96, 0.706176817417
0.322405533323, relu, 0.00974490968323, 32 64 96, 0.981479346752
0.0314794937403, leaky_relu, 0.0108999637396, 128 64 32 96, 0.746583819389
0.000467757141213, relu, 3.59134705294e-05, 96 128, 0.640779256821
0.5805872677, relu, 0.00100960963875, 64 128, 0.973985016346
0.00187943574227, leaky_relu, 0.000176339798971, 32 128 64 96, 0.763639211655
0.0114993017674, leaky_relu, 0.000143806741095, 128 32 96, 0.693705737591
0.278234806109, leaky_relu, 0.00173293058594, 96 32, 0.963787376881
0.00197555127826, leaky_relu, 0.000130671303655, 64 96 128, 0.709039628506
0.0289199351339, leaky_relu, 0.0153514776746, 32 96 128 64, 0.979360044003
0.0955619199645, leaky_relu, 0.00272105607794, 32 96 128, 0.621827363968
0.129221338718, relu, 0.0887106985486, 96 128, 0.815754950047
0.174713932158, relu, 0.00101142615279, 32 96 64 128, 0.980368077755
0.00555745328302, relu, 0.00606453484204, 32 96 64 128, 0.703121244907
0.75518708429, leaky_relu, 0.00263355415207, 64 96 32 128, 61757440.0
0.0274995123721, relu, 0.0989082810861, 96 64, 0.975165724754
0.00313336884091, relu, 0.0001279735691, 96 64, 0.64665555954
0.208927426795, relu, 0.00502083530309, 128 64, 0.958566427231
0.0140505533678, relu, 1.94897218381e-05, 64 128 32 96, 0.775068581104
0.0169282611381, leaky_relu, 0.0126129179543, 64 96 128 32, 0.979674875736
0.0193898268529, relu, 4.72908028167e-05, 96 128 32, 0.700325191021
0.0590482821091, relu, 3.09289325539e-05, 64 96 32 128, 0.868549048901
0.720145825022, leaky_relu, 0.00928502080274, 128 64 32, 133149.53125
0.00570834616167, leaky_relu, 0.00140839694946, 128 96 32 64, 0.643873095512
0.158410957542, leaky_relu, 0.0149398686388, 96 64 128, 0.605780363083
0.0778424042059, relu, 0.000169221223748, 64 96, 0.815883040428
0.00163446083145, leaky_relu, 8.01657982356e-05, 32 96 128 64, 0.787653684616
0.000919287126158, leaky_relu, 0.00195959322367, 64 96, 0.66679507494
0.091851022571, leaky_relu, 2.09592880378e-05, 32 128 96, 1.34927761555
0.0735125725134, leaky_relu, 0.00654888239067, 32 128, 0.599689722061
0.100753305387, leaky_relu, 0.000318357340249, 128 32 96 64, 0.857273995876
0.0186038823577, relu, 0.00228131011321, 128 64 96, 0.61004114151
0.0129906691793, leaky_relu, 0.000136455062953, 96 32 64 128, 0.616466939449
0.00592962990106, leaky_relu, 0.072249140613, 96 128, 0.800054430962
0.0312341165022, relu, 0.00489363486719, 64 32 96, 0.568369090557
0.465868609403, leaky_relu, 0.0022754103551, 32 96 128, 4.23436450958
0.000174992602458, leaky_relu, 0.0518792629295, 32 64 128 96, 0.972528576851
0.131718496669, relu, 0.0093777674026, 128 64, 0.550839960575
0.00677297080966, relu, 0.000149190987645, 128 96 64 32, 0.660654425621
0.0462567725548, relu, 0.00330575617011, 32 128 96 64, 0.651400089264
0.0014239674284, relu, 0.00463519396869, 96 64, 0.58688557148
0.000106400805949, leaky_relu, 0.0202323504253, 128 64 32 96, 0.975494086742
0.00139972030614, leaky_relu, 2.3735385274e-05, 64 32 128, 0.715187966824
0.000302210714024, relu, 0.0202528243602, 96 64 32, 0.652240276337
0.250671781502, leaky_relu, 0.000259483814008, 128 64 96, 145806.78125
0.000624723035898, relu, 8.87013628676e-05, 32, 0.687333464622
0.132749785049, relu, 1.6554168021e-05, 64 32 96, 0.97885876894
0.153611869534, leaky_relu, 0.0259790544459, 64 128 96, 0.779328644276
0.00851028447072, relu, 3.91311221316e-05, 128 96, 0.715688347816
0.0174168323595, leaky_relu, 0.0295920769895, 96 64 32, 0.737311780453
0.15070360027, leaky_relu, 0.000385940107756, 96 32 128, 0.896057248116
0.0381479205416, relu, 0.0257607579832, 32 64 96, 0.978303253651
0.00963174120143, relu, 8.48145517471e-05, 128 32 64 96, 0.688834369183
0.0010234126306, leaky_relu, 6.6157584455e-05, 128 96 32 64, 0.686889588833
0.773013354086, relu, 0.000257140431711, 128, 24615.2890625
0.051315162737, leaky_relu, 0.00312421534957, 128 32, 0.615202665329
0.00397424118942, leaky_relu, 2.20796701836e-05, 96 32 128 64, 0.723526597023
0.6230595121, leaky_relu, 0.00444857293928, 64 96 32 128, 645325.3125
0.00293279042998, relu, 0.0064433762192, 96 32 128 64, 0.726776540279
0.00021093155889, leaky_relu, 4.61699944859e-05, 96 64 32 128, 0.665923833847
0.000605903545507, relu, 0.000187533233324, 128 64 32 96, 0.698103368282
0.163368781387, relu, 7.5683795376e-05, 64 96 128, 0.980677008629
0.0468140189486, leaky_relu, 0.034155965831, 64 96 128, 0.977204024792
0.01191041883, leaky_relu, 0.00238311438511, 32 128 64 96, 0.667410552502
0.00210419483671, relu, 0.000315553283157, 32 128 96 64, 0.712183892727
0.156013774201, leaky_relu, 2.14734787481e-05, 32 128 96, 1.20160698891
0.0226791910802, leaky_relu, 2.47928856232e-05, 64 32 128, 0.658800721169
0.118331761124, leaky_relu, 0.00536612769197, 128 96, 0.598616957664
0.0046854626881, leaky_relu, 0.00462324398249, 96 128 32 64, 0.677371799946
0.0211715575801, relu, 3.4055404877e-05, 96 64 128, 0.635800302029
0.00161285753907, leaky_relu, 0.00462079774158, 128 96 32 64, 0.618887603283
0.000423829249312, leaky_relu, 3.40691195215e-05, 64 32 96 128, 0.689326941967
0.344385487105, leaky_relu, 0.00288094578309, 32 64 96 128, 26.3912258148
0.598490211935, relu, 0.0244212750049, 128 64 96, 0.983439147472
0.745817528265, relu, 0.000140314477122, 64 96 32 128, 0.980240166187
0.103959321408, relu, 0.00711992869075, 64 96 128 32, 0.726566433907
0.000268565074001, relu, 0.0222011544985, 96 64 128 32, 0.974893987179
0.00607031408454, relu, 0.00881117302043, 128 96 32, 0.577455401421
0.000242491380339, relu, 5.14865635367e-05, 96 32 64, 0.614093899727
0.00028334371904, leaky_relu, 2.79296364321e-05, 96 32 64 128, 0.599337816238
0.00703671507143, leaky_relu, 0.0469522407977, 128, 0.626908421516
0.000435056536341, leaky_relu, 0.00018058826744, 64 128 32, 0.636083781719
0.467213361796, leaky_relu, 0.00327391708129, 64, 0.663774371147
0.000328780420895, leaky_relu, 0.0231762295837, 64 96 32, 0.674724161625
0.000179232437152, relu, 0.00754838895552, 64 96 128, 0.619186341763
0.942788370037, leaky_relu, 0.00844904176283, 96 64 32, 1426678.625
0.122195049353, leaky_relu, 3.85045909385e-05, 64 96 32, 0.887334764004
0.000113951301545, relu, 5.01072052262e-05, 32 64 128, 0.672494709492
0.00077271545523, leaky_relu, 6.42714082735e-05, 64 128 32 96, 0.704795181751
0.684249866175, leaky_relu, 0.0245114311712, 32 64 96, 34492.1210938
0.134098918353, leaky_relu, 0.00208177278112, 128 32 64 96, 1596566528.0
0.00414186603366, leaky_relu, 0.00419905960882, 128 96 64 32, 0.611600220203
0.000100723945842, leaky_relu, 0.000500347050622, 32 128 96 64, 0.717147171497
0.0105542396055, relu, 0.000309156214769, 128 96 64 32, 0.589503288269
0.000856756655168, relu, 0.00337925448419, 32 64 128 96, 0.673831284046
0.236575535889, relu, 4.74927969164e-05, 64 96, 0.981134057045
0.0401029924205, leaky_relu, 0.00012117702856, 64 128 96, 0.710848510265
0.00019155387955, leaky_relu, 0.0435811037592, 96 64, 0.707646906376
0.00796442948412, leaky_relu, 0.0004112429378, 96 32 64 128, 0.599561870098
0.00889218923987, relu, 0.00347877885387, 32 96 64 128, 0.671860218048
0.253175891737, relu, 3.19845428984e-05, 128 64 96 32, 0.97639477253
0.230203169403, relu, 0.0180505231027, 128 32 96, 0.775599837303
0.112354782029, relu, 1.37631397154e-05, 128 32, 0.980136871338
0.0785262903417, leaky_relu, 1.48130155113e-05, 32 64, 1.7764339447
0.123889812671, leaky_relu, 0.00424876813972, 32, 0.724625229836
0.000483084297182, leaky_relu, 7.29475893705e-05, 32, 0.708937048912
0.000110761803009, relu, 0.000101846696236, 64 32 128, 0.663296222687
0.00101724790036, leaky_relu, 0.00667907385623, 128, 0.613173484802
0.00256599927079, relu, 0.000303031426577, 96 64 32, 0.724394381046
0.00553087978223, relu, 0.00955049351922, 128 96 32 64, 0.710718035698
0.0168124922256, leaky_relu, 0.000105509615623, 64 32 96, 0.718209147453
0.0115571811053, relu, 0.000156422485691, 128 32, 0.751503586769
0.0020253377435, relu, 1.8905353717e-05, 96 32 128 64, 0.67957931757
0.000334816238048, relu, 0.0168101305507, 96 64 128 32, 0.729904055595
0.442200415344, leaky_relu, 0.0642654587997, 96, 0.671442806721
0.00118182672302, leaky_relu, 0.00310341322229, 32 128 64, 0.620792388916
0.000506381515128, leaky_relu, 2.38414263075e-05, 64 128 96, 0.700230300426
0.115167288593, leaky_relu, 0.000471815282417, 128 96 32, 1.04126369953
0.00170221646404, relu, 0.00541855835773, 32, 0.660472989082
0.000137773214337, relu, 0.0370139687426, 128 64 96, 0.760087251663
0.000255105953434, leaky_relu, 0.0457305460774, 96 64 128 32, 0.975033223629
0.0391153767294, leaky_relu, 0.00749060634755, 128 96 64 32, 0.708415389061
0.00719276876174, relu, 0.0246833840806, 96 64 32, 0.72336691618
0.920811930302, relu, 0.0345879330463, 32 96 128 64, 3.13409042358
0.0989604875019, leaky_relu, 9.69951066836e-05, 128, 0.712368905544
0.0589762556313, leaky_relu, 0.0436100595012, 96 32 64, 0.976657092571
0.0586073654863, leaky_relu, 0.00361211735515, 64 96, 0.64361345768
0.101887297716, relu, 1.46331231021e-05, 96 32 128 64, 0.981088221073
0.00222144959755, leaky_relu, 0.0290638428044, 128 32 96 64, 0.978334367275
0.117399603831, leaky_relu, 0.000146321878377, 32 64 128, 1.08094274998
0.00134908128423, relu, 0.0011282470564, 96 32 64 128, 0.633832216263
0.0121096937423, relu, 1.98645309036e-05, 64 128, 0.761335730553
0.0789917809817, leaky_relu, 0.00142256519592, 96 64 128 32, 0.876175403595
0.237805383686, relu, 0.00404444933564, 128 64 32 96, 0.981030285358
0.0533450369943, leaky_relu, 0.0169052471535, 96 64, 0.564212977886
0.0528870344191, relu, 0.0019084344124, 96 128 32, 0.591024160385
0.015928212612, leaky_relu, 0.000225075667311, 64 32 128 96, 0.61263448
0.00143356346965, relu, 0.000728495027442, 32 96 64, 0.766198694706
0.00134945149717, relu, 0.0667453487636, 128 96 64, 0.975932002068
0.000430403363787, relu, 1.41023066668e-05, 96, 0.695313632488
0.318689709622, leaky_relu, 0.000111220887397, 64 96 32, 23.3968009949
0.00213909165338, leaky_relu, 0.0441967383227, 64 128 32 96, 0.977377951145
0.277730403362, leaky_relu, 0.00210574128403, 128 96 64 32, 2250.54956055
0.0561673002281, leaky_relu, 7.31521270642e-05, 96 32 64, 0.926751375198
0.00433008710717, leaky_relu, 1.65345573919e-05, 96 32, 0.747036874294
0.0100649782654, leaky_relu, 0.000938574600939, 96 128 32, 0.665723204613
0.00347215191934, leaky_relu, 0.00199432431789, 96 64, 0.625423014164
0.0223573572498, leaky_relu, 1.32616946797e-05, 64 96 32, 0.74475312233
0.000284775274746, leaky_relu, 0.0191732974559, 96 64 128, 0.64044713974
0.136338645946, relu, 0.000874363635691, 128 96 64 32, 0.980164647102
0.000813646984059, relu, 0.000110398216352, 64 32 96, 0.756462395191
0.000426955616381, relu, 0.000237960342235, 64 32 96 128, 0.701044440269
0.000530282227041, leaky_relu, 0.0088406477836, 64 96 32 128, 0.616696119308
0.000296533895177, leaky_relu, 0.00315338218285, 128 64 96 32, 0.604661524296
0.000346132557765, leaky_relu, 0.00576524793633, 64 128 96, 0.581742763519
0.000390012788855, leaky_relu, 1.74649863113e-05, 128 96 32, 0.605151236057
0.25309548511, relu, 3.10840495253e-05, 32 64 96, 0.981157064438
0.00059812864163, leaky_relu, 0.0064180506793, 64 128 96 32, 0.662956237793
0.00117454861893, leaky_relu, 0.017293482648, 128, 0.570615231991
0.000101256040463, leaky_relu, 6.86930788291e-05, 32 64 96 128, 0.723374664783
0.449743782258, relu, 3.86899441921e-05, 128 64 96 32, 0.972803235054
0.0143060614576, relu, 0.00124170523879, 32, 0.854702591896
0.0455584647179, leaky_relu, 0.0134861984995, 32 128 64, 0.572087585926
0.128665087701, relu, 0.0386492545128, 32 64 128, 0.724530756474
0.511246647855, leaky_relu, 2.38170940339e-05, 32 64 96 128, 1195179.0
0.00284568303353, relu, 9.37299108688e-05, 32 128 96, 0.777349054813
0.0034032791269, leaky_relu, 0.0252212977727, 64 128 96, 0.704124331474
0.279816119279, leaky_relu, 0.0339229384197, 32, 0.619516015053
0.000108524190452, relu, 0.0390618991423, 32 64, 0.708887040615
0.000560127449124, relu, 0.000476615165786, 128 64, 0.668240308762
0.000732697744457, relu, 0.0321670151264, 64 32 96, 0.75143802166
0.42982076726, relu, 0.0584909277661, 128 96 32 64, 1.00566709042
0.618875914119, relu, 1.02868258143e-05, 64 32 128, 1.84186089039
0.0149666918322, leaky_relu, 0.00110500200046, 32 96 64, 0.68532371521
0.608733608947, leaky_relu, 0.00375459696249, 64 96 128, 1226934.625
0.923089295515, leaky_relu, 0.00126489336911, 64 96 128 32, 14702420.0
0.000160949984207, leaky_relu, 0.00156642731781, 64 32 128 96, 0.63027203083
0.00169339214904, relu, 0.000217316027586, 32, 0.705718755722
0.239172321968, leaky_relu, 0.000729157758592, 64 96 128 32, 67.7710342407
0.907047130798, leaky_relu, 0.000308576558104, 128 64 96, 77824.53125
0.000323295771162, leaky_relu, 0.0297888747466, 64 96 32, 0.719277918339
0.00288850342239, leaky_relu, 4.2358871777e-05, 32 128 96 64, 0.679071009159
0.0142438692476, relu, 0.0437215122493, 32 64 96, 0.977359652519
0.0536905872052, relu, 0.0726982757311, 128 32 96 64, 0.975660562515
0.0661111335339, relu, 4.01451470705e-05, 32 96 64, 0.905204117298
0.331361067718, relu, 2.04308425238e-05, 32 96 64, 0.980444967747
0.202364043258, relu, 0.00200823484272, 128 64 96, 0.974851191044
0.00014221733675, leaky_relu, 0.00352671457252, 32 128, 0.703786671162
0.706615852169, relu, 9.84402732003e-05, 128 64 32 96, 0.978890240192
0.448818323264, relu, 0.000254164390669, 128 96 64 32, 0.994713425636
0.229514826596, leaky_relu, 0.00592047952896, 96 32 128, 1.52988564968
0.000284177300223, leaky_relu, 0.00147380513771, 128 32, 0.62414753437
0.00860249185057, relu, 6.65600361657e-05, 64 128 32 96, 0.765979588032
0.785513313691, leaky_relu, 1.00046538799e-05, 96 128 64 32, 1.9183050752e+11
0.0330807096129, relu, 0.0087036493475, 128 32 64, 0.558293044567
0.000111556630745, relu, 1.42045059583e-05, 32 128 96 64, 0.683308064938
0.0118534550891, leaky_relu, 8.42270040631e-05, 64 128 32, 0.69728499651
0.457625771541, leaky_relu, 0.000270158919231, 32 96 64 128, 1857.81225586
0.277213227327, leaky_relu, 0.00860386076927, 96 64 32, 1.47230279446
0.124565464805, leaky_relu, 0.000293670478514, 96 32 64 128, 0.893886685371
0.000950370164546, relu, 0.000144640495016, 96 64, 0.699474751949
0.316089779931, relu, 4.33935790351e-05, 64 32, 0.980622112751
0.633311446252, leaky_relu, 0.0313329819548, 32 128 64 96, 14477.3203125
0.000372000102937, leaky_relu, 1.30801437317e-05, 32 128 96, 0.682471394539
0.00477367908661, relu, 0.000166981015785, 128 32 96, 0.641587555408
0.00263236909825, relu, 0.000340383977095, 32 64 96 128, 0.729471862316
0.00119239290958, relu, 1.22671543235e-05, 128, 0.737957954407
0.786006642811, relu, 0.0153184567007, 128 96 32, 0.979481041431
0.622522394575, relu, 1.33937093705e-05, 32 128 64, 0.97121566534
0.000122843158005, leaky_relu, 3.96066520933e-05, 64 96 32, 0.630162775517
0.00238627229049, relu, 0.00120393992358, 64 96 128, 0.609393835068
0.00107464096805, leaky_relu, 1.91879882544e-05, 64 96, 0.811169326305
0.000153207264148, relu, 0.000278051571263, 128 96 32, 0.6411678195
0.00130229682696, leaky_relu, 1.22381499898e-05, 64 96 32 128, 0.724429666996
0.000237301716022, relu, 0.0111948802404, 64 96 128, 0.569743275642
0.680562222483, relu, 0.00175950560052, 64 96 128 32, 0.980162203312
0.00036002578214, leaky_relu, 0.00228884876968, 128 96 64, 0.588577568531
0.000139308836055, relu, 7.06276214196e-05, 32 64 96 128, 0.707688629627
0.515481221402, leaky_relu, 0.0557223798499, 96 128 64, 626.619262695
0.656277873988, relu, 0.0851117317684, 96 128, 1.44783651829
0.315420317233, relu, 0.000697829671616, 96 32, 0.980752825737
0.00139223704092, leaky_relu, 0.00085392749498, 128 96 64, 0.670685052872
0.0427319437791, relu, 0.00232368033817, 32, 0.813519060612
0.0505118950361, leaky_relu, 4.34638839618e-05, 128 32 96 64, 1.06656575203
0.00256144682766, relu, 0.000232701754868, 32 96, 0.758245289326
0.117296690416, relu, 0.000952131760176, 64 96 128, 0.766746461391
0.0093205842256, leaky_relu, 0.00111637212579, 96 64 32, 0.621927559376
0.000190676771833, leaky_relu, 0.00124710911924, 64 128, 0.621082901955
0.00119054969689, relu, 0.000442422224183, 32 64 128 96, 0.817755699158
0.000257419233894, leaky_relu, 0.0402839340766, 64, 0.608752071857
0.316431512052, leaky_relu, 0.000386902636205, 96 128 32, 1189.19335938
0.42853486277, relu, 0.00115354016139, 64 96, 0.969754338264
0.218249718903, relu, 0.000285088527773, 64 32, 0.975621461868
0.0147686925905, leaky_relu, 0.000176488157275, 32 128 96, 0.659295141697
0.000744084301506, leaky_relu, 3.64619804428e-05, 64 96 32, 0.649243533611
0.102217496871, relu, 0.0124405782955, 32 96 64 128, 0.975237309933
0.00012224111947, leaky_relu, 3.2531283022e-05, 96 128 64 32, 0.645631730556
0.0696171533256, leaky_relu, 0.000907669136209, 128 96 32 64, 0.878979384899
0.00173151955162, leaky_relu, 4.06866422263e-05, 32 64, 0.716442227364
0.832210123444, relu, 0.00042546151764, 32 64 128 96, 0.979332387447
0.017092088393, relu, 0.000232926564089, 32 96, 0.743315637112
0.00120664791287, leaky_relu, 1.23560546434e-05, 128 32 96, 0.695496380329
0.000177993880519, leaky_relu, 0.0149319972753, 32 96 64, 0.60546040535
0.00601279672432, leaky_relu, 0.0118830592084, 32 64 128 96, 0.730677008629
0.3661990498, leaky_relu, 0.0844623824397, 96 128 64, 241.261962891
0.0251241674964, leaky_relu, 6.07952106111e-05, 32 96 64, 0.685197949409
0.000321628237159, relu, 1.93891400876e-05, 128 32, 0.58535784483
0.000110350898444, relu, 0.000219543372292, 32 64 128, 0.653243660927
0.0338562476241, relu, 0.0457885969747, 128 32 96, 0.97711789608
0.000815678203402, relu, 0.000258517188269, 128 64, 0.642554700375
0.000184225947338, leaky_relu, 0.000263482815301, 96 64, 0.635913312435
0.401789804056, relu, 1.24205916869e-05, 64 96, 0.977195739746
0.225628724459, relu, 0.0296507866326, 96 128 64 32, 5.19805431366
0.0002339021433, relu, 0.000161054819301, 64 32 128 96, 0.654561460018
0.000186823797566, relu, 6.70688730923e-05, 128 64 32 96, 0.616923213005
0.191953323219, leaky_relu, 0.0369293915961, 64 32, 0.650609970093
0.00555477889095, relu, 0.000146700825111, 128 64 32, 0.671975016594
0.0136405398684, leaky_relu, 0.00010056467687, 32 96 64, 0.67923951149
0.23350865747, leaky_relu, 0.000401031463203, 96 32 128, 1.03160381317
0.000143723606511, relu, 0.00128862860791, 128, 0.632488906384
0.206356957648, leaky_relu, 0.0394645426845, 128 96 64, 0.984425485134
0.00626659333597, leaky_relu, 0.0268791404433, 128 32, 0.588283896446
0.0994422942555, relu, 0.000803788845033, 128 32 96, 0.851727426052
0.135378109909, relu, 0.000223231580726, 64 96 128, 0.980778038502
0.0159482250403, relu, 0.00326262514901, 128 32 64 96, 0.635368347168
0.0253112655488, relu, 0.0767471174047, 32 128, 0.803295433521
0.0004867611821, leaky_relu, 0.00105777992503, 32 96 128, 0.707528412342
0.00157899247039, leaky_relu, 8.5344164791e-05, 96 64 128, 0.705168604851
0.00113253768827, leaky_relu, 0.00543350631474, 128 96, 0.604682266712
0.645365670344, relu, 0.0766777390963, 32 96 128 64, 1.00333464146
0.0190475696743, leaky_relu, 0.000819403269027, 64 32, 0.670747101307
0.00937076102762, relu, 0.0245515963494, 64 32 128 96, 0.978652834892
0.520637547438, relu, 0.027733916436, 96 128 64, 0.984372973442
0.0220654044055, leaky_relu, 0.000125123275382, 32 128, 0.78968089819
0.00226046427737, relu, 0.00798753009624, 32 128 64, 0.610312402248
0.00693776628488, leaky_relu, 0.000202526734902, 32 64 96, 0.720047533512
0.0584077740034, relu, 0.000287229082855, 96 32, 0.827688932419
0.000308770636901, relu, 0.00541354927812, 96 32 128 64, 0.587465167046
