Learning Rate, Activation Function, Weight Decay, Hidden Layers, Dropout Rate, Validation Error
0.241056183129, leaky_relu, 0.00287369796334, 96 128 64 32, 0.635232940141, 184048656.0
0.00113720047771, sigmoid, 0.0280289760413, 64 128 32, 0.999359538191, 0.97947627306
0.00788307674662, sigmoid, 0.0427004855698, 64 128 96 32, 0.382941531438, 0.980018019676
0.00117008997968, relu, 1.36016783729e-05, 64 128 32 96, 0.942603707964, 0.974834740162
0.00170000560978, relu, 4.4973300004e-05, 128 64 32, 0.31333332724, 0.615681350231
0.126134761039, tanh, 0.00336339588506, 128 64 96, 0.534900006728, 1.37310147285
0.527437915999, sigmoid, 0.000250408820723, 128 32, 0.99519331977, 1.00772833824
0.00046801431589, tanh, 0.000184611968621, 96 128 64 32, 0.588067012975, 1.004555583
0.00365086336912, leaky_relu, 0.000144391372444, 64 128 32, 0.905572500589, 0.890978872776
0.00127335617976, sigmoid, 0.0061280867068, 128 64 96 32, 0.129777482707, 0.980747818947
0.0160115168792, leaky_relu, 0.000868731215001, 64 32 96 128, 0.299413418605, 0.582276761532
0.041965866405, relu, 4.47881454965e-05, 96 128 32 64, 0.201257513578, 0.779040634632
0.00484975502682, sigmoid, 2.15092390235e-05, 96, 0.685570065347, 1.05526828766
0.00116866038568, sigmoid, 0.000103834725384, 32 64 96, 0.0230030042843, 0.710817217827
0.000354508267955, relu, 0.000162085493522, 128 64 96 32, 0.0475254800487, 0.672984838486
0.10021075665, sigmoid, 0.00016861226916, 32 96 64 128, 0.723738410728, 0.976985812187
0.11250887076, tanh, 3.3113209632e-05, 64 32, 0.1035965504, 0.754255115986
0.0164529822844, sigmoid, 2.70134528182e-05, 128 96 64 32, 0.978260624033, 0.966425895691
0.0213285612534, relu, 1.61725183168e-05, 64 128 32 96, 0.137801780751, 0.558279931545
0.279088022832, leaky_relu, 1.12196340083e-05, 96 32 64, 0.412114454825, 6161733.0
0.0373611986489, leaky_relu, 3.82696125885e-05, 64 96 32 128, 0.0935480786538, 0.719398677349
0.593312657632, sigmoid, 0.0675505884294, 64 128 96 32, 0.746964579862, 0.979569971561
0.435549282276, leaky_relu, 0.045004758861, 32 96 128, 0.835972827084, 843722432.0
0.0041565384785, relu, 1.98713412367e-05, 32 64, 0.559905512462, 0.696362137794
0.0121081226986, leaky_relu, 0.0177352244141, 96 32, 0.521191136066, 0.687375843525
0.0215411647516, tanh, 0.0132221079414, 128 64 32, 0.748942930663, 1.17245411873
0.140873680136, leaky_relu, 0.000497836511196, 96 32, 0.893596346663, 286.857971191
0.00570661564691, tanh, 3.51481226647e-05, 64 96 32, 0.988725472962, 0.975391507149
0.028228289876, tanh, 0.00964726829584, 96 32 64, 0.154530545287, 0.616631805897
0.957490294052, relu, 0.0822824603238, 96 128, 0.87469304159, 8.09861564636
0.0066752894447, leaky_relu, 4.90487833773e-05, 128 96 64 32, 0.846079378603, 0.964239358902
0.000111879895992, tanh, 0.0328886292017, 64, 0.0494729880981, 0.565413415432
0.0149984454407, tanh, 0.000722483952918, 32 128 64 96, 0.755169842514, 3.82379508018
0.323643301021, leaky_relu, 0.0014727294597, 64 128 32 96, 0.104963640691, 578752960.0
0.229124681404, relu, 0.0048229010664, 128 64 32, 0.156987229438, 0.911883831024
0.00144272020202, relu, 0.00267134191285, 32 64 96, 0.0378219557044, 0.668681442738
0.0788807101644, sigmoid, 0.000253714163858, 64 128 96, 0.907947174049, 0.994512796402
0.000116479102272, leaky_relu, 5.7904734083e-05, 96 32 128 64, 0.847262339732, 0.976176440716
0.00942201007735, tanh, 0.0103500088564, 128 64 32 96, 0.785130511759, 2.3318104744
0.00571590949502, sigmoid, 6.85687724274e-05, 96 32 128, 0.25121665219, 0.770637631416
0.723750321862, relu, 0.0137492346629, 96 128, 0.472433963363, 0.978057086468
0.384865193968, tanh, 0.0403895814981, 96 32, 0.856780908882, 0.946520268917
0.0460027155508, sigmoid, 9.96148071039e-05, 96 128 32, 0.0263927869218, 0.645505070686
0.183470076073, leaky_relu, 0.000101563420804, 32 128 64, 0.102786432427, 3117.64208984
0.000164499888578, sigmoid, 3.69248358063e-05, 64 128 96 32, 0.981481411668, 0.979460000992
0.000195886530044, tanh, 0.000111714062638, 64 96 128, 0.164575033699, 0.669281959534
0.00033240427315, sigmoid, 0.00207719887355, 64 128, 0.82814493091, 0.821078300476
0.074929480351, sigmoid, 3.84296266068e-05, 32 128, 0.53003068982, 0.852602422237
0.614113614796, sigmoid, 0.0106635632977, 32 96 64 128, 0.337831969406, 0.979017317295
0.0438523461731, sigmoid, 0.00126044023375, 96 128 64 32, 0.521749157069, 0.978790581226
0.521627087779, leaky_relu, 0.000844383441002, 96 128, 0.456237637133, 1112992.875
0.184436448562, sigmoid, 0.0731593207073, 32 128 96 64, 0.85548976009, 0.979083061218
0.0298502168707, sigmoid, 0.000305021018465, 64 32 128, 0.296363812957, 0.887302398682
0.139699634647, sigmoid, 0.000107743790479, 128 96 32 64, 0.139539389205, 0.980722010136
0.000333548962802, leaky_relu, 0.00187068071347, 128 32, 0.0813971131681, 0.60693114996
0.145392632831, sigmoid, 3.2645851716e-05, 32, 0.865578210187, 3.3499994278
0.000113535701887, sigmoid, 0.00369585061259, 32 96, 0.678705126293, 0.79530197382
0.419379609077, relu, 2.32681558662e-05, 96 32 64 128, 0.26343297683, 0.974703669548
0.00880147904885, sigmoid, 0.00141491508962, 96 128 64, 0.556503460811, 0.978094637394
0.0402618594432, tanh, 0.0901811343677, 128 64 32, 0.42433903419, 0.975428462029
0.0514523219319, leaky_relu, 1.13588352717e-05, 128 96 32, 0.701570168772, 1.17461311817
0.00489843646433, relu, 0.00230937061842, 128 64 96 32, 0.882856434146, 0.980799734592
0.00618054831403, relu, 7.14133838967e-05, 32 96 64 128, 0.775372051202, 0.965063214302
0.00625333850165, sigmoid, 1.12143282163e-05, 96 32 64, 0.0619034441024, 0.706382334232
0.752740429457, leaky_relu, 0.00105183823936, 32 64 96 128, 0.980468650488, 7.0786193524e+16
0.0116997651343, leaky_relu, 0.00732172920247, 32 64 128 96, 0.839409801113, 0.954128265381
0.143110434554, relu, 0.00256976800575, 32 96 64, 0.418513067346, 0.980253338814
0.00120540100587, sigmoid, 0.00129230531862, 32 96, 0.895562288838, 0.797211825848
0.593677738457, sigmoid, 1.11755081694e-05, 32 64 96, 0.49882432753, 0.996861100197
0.00052419684893, relu, 0.095412396897, 64 128 96 32, 0.760621251387, 0.973440885544
0.000251069255817, leaky_relu, 0.061695092993, 96 128 64 32, 0.683658499885, 0.976481795311
0.000182581339981, relu, 0.0522401089666, 96 128 32 64, 0.5521133449, 0.969417273998
0.164045177397, relu, 0.00152412675742, 128 32 96, 0.294977186303, 0.970156252384
0.171974231637, tanh, 2.24355498686e-05, 64 32, 0.56464018582, 1.2946100235
0.0123894031272, leaky_relu, 5.86870637084e-05, 64 96, 0.595680667863, 0.705240249634
0.0125470586917, sigmoid, 0.000104062263889, 64 32 96, 0.144297182791, 0.733143687248
0.0202258731064, relu, 6.28440937133e-05, 64 128 96 32, 0.859992411451, 0.976382553577
0.00380764487167, relu, 0.000235867472601, 96 32 128, 0.744916172594, 0.810768246651
0.000139732779777, sigmoid, 0.000105093703515, 128 32 64, 0.714131127756, 0.804372727871
0.00466495104653, relu, 1.66779748029e-05, 32 128 96, 0.528318176427, 0.674320220947
0.000288442198309, tanh, 0.000143929291484, 96, 0.0241661877549, 0.630343854427
0.00710418239129, relu, 0.00917791036389, 64, 0.224755008155, 0.610243439674
0.000478329280416, sigmoid, 1.21632543072e-05, 128 32 96 64, 0.118765757023, 0.761122703552
0.0289706258826, leaky_relu, 0.00427388974787, 32 64 128 96, 0.200632424734, 0.667097151279
0.000352105401299, sigmoid, 0.0210218048355, 96 128 64, 0.148499955092, 0.980810105801
0.00221676358667, relu, 0.0116041505328, 32 128 96, 0.175305146764, 0.628964185715
0.988945892851, tanh, 0.0154996126653, 96 64 32, 0.583590729029, 1.31028938293
0.000119378282278, sigmoid, 0.000166194108902, 96 64 32, 0.897929204867, 0.972620844841
0.303451272738, tanh, 0.04929652511, 128 96 32 64, 0.360609980716, 0.765553176403
0.265182018727, relu, 1.63520865415e-05, 64 96 128, 0.901407675014, 3.0726082325
0.000457254557552, leaky_relu, 0.0003308655781, 32 128 64, 0.835744094438, 0.933791220188
0.0109593186643, relu, 0.00195779014546, 32 96 128, 0.929879389521, 0.978546798229
0.0514393116761, tanh, 0.0119856261317, 96, 0.641880465838, 0.746302902699
0.000487352893555, sigmoid, 0.000308159355139, 32 128 64, 0.524366837935, 0.816350400448
0.00357197668693, leaky_relu, 0.0145445042084, 32 96 64 128, 0.496328597236, 0.979554712772
0.86931346484, leaky_relu, 0.0122973507574, 64 32 96, 0.893949780401, 7557092352.0
0.573713745158, sigmoid, 0.00597947400528, 64 128 96, 0.00495670399573, 1.02207744122
0.000305836208024, relu, 0.0148116983071, 64 32 128, 0.257208579939, 0.648488402367
0.460306094453, tanh, 3.22330609217e-05, 128 96 64 32, 0.383234475934, 1.34041631222
0.633597757237, sigmoid, 0.0115034329197, 64 96, 0.296326810624, 0.79099214077
0.337574803688, leaky_relu, 0.00022334334393, 128 96 32, 0.322206952505, 395081.90625
0.000343432574593, sigmoid, 0.000434129947431, 32 64, 0.525302854696, 0.720040798187
0.385075761354, relu, 0.0113965376865, 128 32 64 96, 0.686744220209, 4.77763271332
0.252931967225, sigmoid, 0.000100696332814, 96 128, 0.245590086516, 0.95427519083
0.0630422700884, leaky_relu, 0.000151964479093, 32 96 128, 0.169108625321, 0.848560512066
0.00304610576982, leaky_relu, 0.0545016924515, 96 128, 0.680374556042, 0.7897580266
0.0950220521639, leaky_relu, 0.000287046554901, 64 128 32 96, 0.526342743095, 40728.2226562
0.00196437337416, leaky_relu, 0.0167408873393, 128 96 32, 0.169144468142, 0.653714835644
0.174740708366, relu, 0.0147444596844, 128 32 96, 0.00185090367193, 0.647085607052
0.00522364535202, sigmoid, 0.0276878053898, 64 96 128, 0.347644915997, 0.979264676571
0.286660756379, tanh, 2.20169076408e-05, 64 96 32 128, 0.664785814988, 4.32070732117
0.000305690138968, leaky_relu, 0.000229512125969, 128 64, 0.513494601943, 0.618181586266
0.000158032684766, leaky_relu, 6.24211809065e-05, 96 32, 0.119886182917, 0.633160412312
0.00480611884146, tanh, 0.000191298952836, 96, 0.0459328204447, 0.78494066
0.298972973274, sigmoid, 3.00528821141e-05, 32 96 64, 0.202666301385, 0.900185108185
0.516393914551, sigmoid, 0.000150080436341, 128 32 96, 0.069498958058, 3.30897569656
0.000120776102859, tanh, 0.00122236821591, 96 64, 0.51381601475, 0.633200347424
0.00010364703091, leaky_relu, 0.0116015907987, 128 96, 0.241996340493, 0.572320282459
0.0579536393141, leaky_relu, 0.00123901790033, 128 64 96 32, 0.136966727515, 0.774460434914
0.00354672953781, tanh, 0.000775790858777, 64 96 32 128, 0.821479137203, 6.90928220749
0.00203277320715, sigmoid, 0.00722199340089, 128 64 32 96, 0.815617986282, 0.980418205261
0.000215136311809, tanh, 0.0962055627977, 96 64 32, 0.661061728833, 0.972113907337
0.021667485394, sigmoid, 0.069568284833, 64 96 128, 0.315800876364, 0.977511107922
0.00309152896275, sigmoid, 0.00309165962389, 64 128 32, 0.78360223434, 0.978883326054
0.789988879589, tanh, 0.00123143068641, 96 128 64 32, 0.245699880743, 1.17503392696
0.00137512903221, sigmoid, 0.0151254998745, 96 64 128, 0.0651162354702, 0.980869293213
0.000298685676532, tanh, 6.31021523354e-05, 32 64 96 128, 0.718773803764, 0.859403192997
0.000117916947828, tanh, 1.68013598856e-05, 96 128 32, 0.676095028196, 0.7847417593
0.242680081288, relu, 0.000909097251856, 96 64, 0.793894163529, 0.979542553425
0.148413915578, leaky_relu, 0.000910147661172, 32 128 96, 0.105454416969, 92.5505905151
0.000185340915195, relu, 0.000126934489962, 64 32, 0.670711599165, 0.731832325459
0.00504920995302, sigmoid, 1.0888334735e-05, 96 32 64, 0.0731971692022, 0.700245022774
0.0219175415169, tanh, 0.000386337900525, 32 64 96 128, 0.205410227455, 0.792582988739
0.0239439678818, relu, 7.21357858017e-05, 128 64 32 96, 0.942140760591, 0.979337573051
0.0386364816131, sigmoid, 0.00364108674376, 64 32, 0.942621610497, 0.980023622513
0.000660759318572, sigmoid, 0.000482802695584, 64 32 96 128, 0.791916774707, 0.980202198029
0.933493448875, sigmoid, 0.00173814627909, 32 64 96, 0.695230647951, 1.00132811069
0.05140093751, tanh, 2.19383953477e-05, 64 96 32 128, 0.941134129746, 1.38146817684
0.0045833731717, tanh, 0.0866486068164, 32 128, 0.904300673443, 0.975654423237
0.00262256756705, sigmoid, 0.0145851747263, 96 128 64 32, 0.48497159005, 0.980838477612
0.010194669289, relu, 1.17549582135e-05, 32 96 128 64, 0.48435294266, 0.715980231762
0.000823126907618, leaky_relu, 9.38937091496e-05, 64 128 32 96, 0.709597816291, 0.847835719585
0.176485559074, sigmoid, 1.24245926253e-05, 96 128 64, 0.474291618795, 0.943794131279
0.00870278682431, leaky_relu, 0.0828333325945, 96, 0.70920043194, 0.75152438879
0.0845138121791, relu, 0.0414174388747, 32 96 128 64, 0.159611489671, 0.976284503937
0.16941761018, tanh, 0.0706444008986, 96 64, 0.335525002286, 0.753567159176
0.000626568423742, tanh, 0.000143555551296, 96 32, 0.477620392402, 0.720678150654
0.00456259104724, sigmoid, 0.000607001901819, 64 96 128 32, 0.391993687946, 0.978617966175
0.137905311761, tanh, 0.0440407113216, 128 64 32, 0.459675043667, 0.802601635456
0.0339921213621, sigmoid, 0.0377414761743, 96 32, 0.138597530043, 0.976138949394
0.000598519881157, relu, 9.84727136993e-05, 128 64 96, 0.925214788371, 0.978160858154
0.0029952265947, tanh, 0.00025110751254, 96 64 32 128, 0.748814357938, 3.55897450447
0.00513289144899, leaky_relu, 0.00171909845777, 32 64 128 96, 0.969825199029, 0.979004204273
0.000305958029141, leaky_relu, 0.000976597453214, 64, 0.463885336864, 0.619930386543
0.000573987607483, tanh, 0.0350022666875, 128 32 96 64, 0.921071974653, 0.975472271442
0.00182863164141, sigmoid, 4.8155243724e-05, 64 32 96, 0.353684586325, 0.763250052929
0.577861369065, sigmoid, 0.00109490114752, 64 32 128 96, 0.569931239162, 1.04701149464
0.0167805715653, tanh, 5.80680439831e-05, 64 128 32 96, 0.216704153929, 0.763226926327
0.0226661376575, tanh, 0.0449467421904, 32 128 96, 0.132172156861, 0.765301525593
0.000457299100309, leaky_relu, 0.0132192674712, 32 64 96 128, 0.187256650008, 0.978202939034
0.000336479697765, sigmoid, 0.000118275906051, 128 96 32, 0.088440330128, 0.650442779064
0.00308464085089, leaky_relu, 0.00156593143312, 32 96, 0.327079447874, 0.583234190941
0.0155366300394, relu, 0.0006845906174, 96 32 128 64, 0.457271735667, 0.726737856865
0.0533756179819, sigmoid, 0.000225591255756, 128, 0.345121229644, 0.789932370186
0.367315321466, sigmoid, 0.00330394953936, 96 128 64, 0.212298191869, 0.974820375443
0.000654715352945, leaky_relu, 0.000926657905086, 32 64 128 96, 0.380955031031, 0.617384076118
0.0472492996253, tanh, 0.00464613281349, 32 64 128, 0.270296484142, 0.698683381081
0.363886034197, leaky_relu, 2.01393704378e-05, 32 128 96 64, 0.519883840893, 14839515136.0
0.000126417076041, sigmoid, 3.59228768928e-05, 32 128, 0.292630140535, 0.689525008202
0.00070702153864, tanh, 1.17069943629e-05, 32 64 128 96, 0.829889037751, 0.81843239069
0.126728383764, leaky_relu, 2.38023919097e-05, 64 96 128, 0.573734774038, 52886.8945312
0.0314657337663, tanh, 5.43113186883e-05, 128 64 96 32, 0.46600277572, 0.998607158661
0.0927351721905, leaky_relu, 0.000117750302463, 96 32 64, 0.836650384547, 197.472091675
0.309835715274, tanh, 0.000588278829084, 32 64 128 96, 0.80935155478, 3.07460713387
0.0173790364375, tanh, 0.0584777227171, 128 64 32 96, 0.00736477819074, 0.976620316505
0.030520718253, relu, 1.32237139019e-05, 96 64 128, 0.921622529777, 0.979075908661
0.00854519959487, sigmoid, 0.000148492983501, 64, 0.342343125819, 0.825676441193
0.221001281158, tanh, 0.00155951576426, 96 128 64 32, 0.821241571601, 1.53095507622
0.88392073921, leaky_relu, 0.00131141422051, 32 96 64 128, 0.443154503147, 2.33648318054e+12
0.000155890308789, relu, 0.00343328653418, 96 32 128 64, 0.431294433759, 0.667231321335
0.000154905123342, tanh, 0.00597977681578, 32 96 64 128, 0.57216439986, 0.823270738125
0.506766317341, leaky_relu, 5.15355024595e-05, 64 96 32 128, 0.213960921099, 1418080000.0
0.0072852510056, relu, 0.0763934135126, 64 32 128, 0.075880287614, 0.975935101509
0.091682453395, sigmoid, 0.0001481555007, 32 64 128 96, 0.783005006097, 0.980728805065
0.000280073018068, sigmoid, 0.0136055070892, 96 64 128, 0.732650644688, 0.980977654457
0.607557764532, leaky_relu, 0.0719247098439, 64 128 96, 0.618110447087, 954907072.0
0.0274795952315, tanh, 8.25745199193e-05, 64 32 128, 0.430489519247, 1.11645054817
0.000346886252785, leaky_relu, 0.000128600373949, 96 128 64, 0.416722564914, 0.656710803509
0.275623756812, leaky_relu, 0.0153138913684, 96 128 64, 0.599702669537, 6600104.0
0.0460016185443, sigmoid, 0.0893142685163, 96 64 128, 0.802260349962, 0.979664027691
0.0602946836247, relu, 0.00131130052998, 96 128 32 64, 0.427609670949, 0.962287724018
0.000152806569967, tanh, 0.000450380422567, 128, 0.410999166244, 0.624546229839
0.00965410503565, sigmoid, 0.0182851423862, 64 128, 0.239973556815, 0.976821899414
0.00464613277865, sigmoid, 0.00636752339395, 32 64 96, 0.383186135958, 0.979808986187
0.550209413277, sigmoid, 0.00217891064556, 128 64 96, 0.621261492778, 0.981469988823
0.780439753191, sigmoid, 2.3898116927e-05, 32 64 96 128, 0.908160621548, 5.9708480835
0.000951864887127, leaky_relu, 0.0874400699292, 128 64 32, 0.462279679919, 0.973355591297
0.0035406951347, tanh, 2.19015729467e-05, 128 96 32, 0.264114331018, 0.760131835938
0.493301594983, tanh, 6.40721973118e-05, 96 64 32, 0.187316230358, 1.15254247189
0.00208220770519, relu, 1.96862602857e-05, 32 96, 0.0370647182707, 0.688234746456
0.685173005693, sigmoid, 1.03982999519e-05, 64 32, 0.0549927722603, 0.912145256996
0.011942945835, leaky_relu, 0.0112988004552, 128 64 32, 0.535831818162, 0.693415939808
0.022699492072, tanh, 0.00725100926318, 64 128, 0.934365478478, 8.96451854706
0.00964162722382, leaky_relu, 3.46165977301e-05, 64 32, 0.0226126651654, 0.73623508215
0.00769937034553, relu, 0.0173023620972, 128, 0.309264058893, 0.567347347736
0.0835062923719, tanh, 1.72980364417e-05, 96 64 32, 0.918869486329, 1.28557670116
0.0889912156552, leaky_relu, 0.000814977361047, 128 64 32, 0.889086257246, 139.566802979
0.000709158738421, sigmoid, 0.0104327890159, 32, 0.507474476536, 0.621368169785
0.014699103924, tanh, 0.00558427636681, 32 128 96, 0.67817683404, 1.31076037884
0.00102531034078, relu, 0.000124288817827, 128 64 96, 0.908534365519, 0.963711738586
0.446420349331, sigmoid, 0.00464704150581, 96 64 32, 0.132089191335, 0.977009236813
0.0273756383786, relu, 0.0375199971362, 64 32 96 128, 0.63584646471, 0.97686702013
0.0113235605273, leaky_relu, 0.0372399180018, 128 32 96, 0.715631917697, 0.977755308151
0.000517451871488, sigmoid, 0.0430650681894, 96 32, 0.463969094718, 0.979820370674
0.085199534085, tanh, 5.51347039629e-05, 32 96 64, 0.86819452792, 1.50472521782
0.199430463951, relu, 0.00243666968286, 96 128, 0.628765376882, 0.979100763798
0.0125758190801, relu, 4.67598607601e-05, 96 32, 0.953383542636, 0.979119122028
0.0178624853048, relu, 0.0012209557922, 128 96, 0.470012255703, 0.693437755108
0.121568795073, tanh, 0.000857058188849, 128 64 32, 0.530272153604, 1.15948116779
0.00278315370727, relu, 0.00126288019482, 96 32 64 128, 0.51730720372, 0.722186386585
0.0010489012737, sigmoid, 2.92010946201e-05, 64 96 32, 0.243667354718, 0.71448302269
0.0249142350071, tanh, 0.000772160105764, 96 128, 0.689927079992, 2.77655625343
0.0016212025297, sigmoid, 0.021183631671, 128 32 96 64, 0.197823742516, 0.980987071991
0.0333770813386, relu, 0.00227084168465, 96 32 64, 0.585573309074, 0.769128143787
0.00895511603159, relu, 9.25886406966e-05, 64 96 32 128, 0.521509733915, 0.684060275555
0.00101527406366, relu, 0.00119084718884, 32, 0.39862425888, 0.619555771351
0.00463803904595, relu, 0.0997003226886, 32 96 128, 0.878005929292, 0.975293278694
0.00562702982127, leaky_relu, 0.00499757404358, 128 96, 0.304158789367, 0.57542937994
0.0275140357973, relu, 0.00041380944977, 128 96 32, 0.685486458641, 0.967810332775
0.11910627153, relu, 0.00240845022934, 96 32 64, 0.992006044078, 0.985002636909
0.000277543963996, tanh, 0.000197229217846, 64 128 96, 0.212161729388, 0.61318987608
0.103887342317, tanh, 1.77841102363e-05, 128 32 64, 0.317440083875, 0.977518320084
0.000798305236893, tanh, 0.000227471217216, 64 128 96 32, 0.282798891883, 0.651681542397
0.359765150532, tanh, 1.4726058473e-05, 64 32, 0.637645808662, 1.48279631138
0.153214135778, tanh, 0.0964883715366, 128 64 32 96, 0.0506498910834, 0.974238932133
0.0191287763723, leaky_relu, 0.000468216924546, 32 96 128, 0.777880536748, 0.976695597172
0.0132599781451, tanh, 0.0376267427564, 64 32 128, 0.0450266212598, 0.668235123158
0.00566339696448, relu, 0.032996467573, 128 64 32 96, 0.179963334442, 0.978060603142
0.0295435267602, tanh, 0.000155007660649, 128 64 96 32, 0.430397830743, 0.882492363453
0.00448909210299, leaky_relu, 0.00750802695955, 32 128 96, 0.766722386152, 0.7669916749
0.00695954958152, relu, 1.38168666932e-05, 64 32 96 128, 0.462889825028, 0.709984600544
0.00394521480106, sigmoid, 0.000800638571837, 64 128 96 32, 0.73741648138, 0.977915525436
0.000268239379876, relu, 0.000215531044297, 64, 0.94503623218, 0.815195441246
0.0012655775542, sigmoid, 0.00162290754368, 64 32, 0.017686812142, 0.583766818047
0.00386013943211, sigmoid, 0.00122297991836, 128 96 64 32, 0.630982660035, 0.979221940041
0.722282544205, relu, 0.00011613874343, 128 96, 0.271488496679, 0.978593468666
0.283958940169, sigmoid, 0.0007100294746, 64 32 96 128, 0.933104469999, 0.986197650433
0.961936506895, tanh, 0.000135283962846, 64 96, 0.493961749914, 4.68381357193
0.00111022050354, sigmoid, 0.0235123490175, 96 32 64, 0.112615322602, 0.981004595757
0.000678604209262, tanh, 0.00036096531238, 96 128, 0.955325499376, 0.773283958435
0.000537054212264, leaky_relu, 0.00255069023551, 32 96, 0.223081452691, 0.656296730042
0.0658439558349, sigmoid, 0.000276285647731, 32 96 64 128, 0.398393946453, 0.977257728577
0.0119349480226, sigmoid, 0.0729852860668, 128 64, 0.996775333645, 0.977990686893
0.013911534695, leaky_relu, 0.0335452159059, 128 96 32, 0.483092709253, 0.977981865406
0.262751175014, relu, 4.9301402759e-05, 64 128 96 32, 0.80063392048, 10.1358213425
0.0286376198573, tanh, 0.00455947433203, 64 128, 0.918987263023, 11.9785509109
0.0529483682718, relu, 0.000822003298992, 96 32 64 128, 0.420396618373, 0.822872161865
0.0331523786506, relu, 0.00163915130961, 64 32 96, 0.528363170525, 0.811311423779
0.25572361126, sigmoid, 9.36515947129e-05, 32 64 96, 0.339742238227, 0.937127709389
0.0162712950793, relu, 0.00137038815272, 64 96 128 32, 0.672832637222, 0.814117014408
0.0001370899196, leaky_relu, 0.0228432709959, 64 32 96 128, 0.380968814859, 0.976275026798
0.00264391278069, relu, 0.0479498923688, 96 64 32, 0.085286605651, 0.977176785469
0.0001262186021, leaky_relu, 0.000352576095691, 128 64 32, 0.813198654764, 0.976318240166
0.00180297071477, relu, 0.000171334292258, 32 96 128, 0.822037708193, 0.776467978954
0.00469589255875, relu, 0.0011795814258, 128 32 96 64, 0.837496710124, 0.967681765556
0.00498360683081, sigmoid, 5.33328048906e-05, 32 128 96 64, 0.316414057047, 0.784339785576
0.744215837753, leaky_relu, 0.000147766209132, 96 128 32 64, 0.220028425675, 55585939456.0
0.519057333045, sigmoid, 0.0517722645525, 128 32 96 64, 0.661128936545, 0.977251291275
0.695674460568, leaky_relu, 0.000185394001361, 64 96 128, 0.0707989147758, 4352869376.0
0.00278268923963, tanh, 0.00701974961952, 64 32 96 128, 0.893985394797, 0.980017125607
0.012330011913, leaky_relu, 0.0109981548653, 32 128 64 96, 0.498147448507, 0.751790583134
0.0406433049094, tanh, 5.74482334514e-05, 32 128, 0.891687689549, 9.78258609772
0.0717505281748, tanh, 2.54458025705e-05, 128 96 64, 0.281030505201, 0.796957194805
0.00649609602771, leaky_relu, 0.0026246609185, 64 96 128, 0.721482439325, 0.744789421558
0.870687860172, leaky_relu, 0.000124936387932, 128 32 96 64, 0.221787411555, 6.54417225318e+12
0.149753396028, leaky_relu, 0.000483942073991, 128 64 96 32, 0.113352952873, 941.996398926
0.00528437911827, sigmoid, 0.00322618149136, 32 128 64 96, 0.190687225419, 0.979787707329
0.00198354641767, leaky_relu, 0.00308474200225, 32 128, 0.662369581951, 0.681290447712
0.00023609172297, sigmoid, 4.15126366466e-05, 32, 0.577340405152, 0.699015915394
0.12832661892, tanh, 0.00108567126519, 128 64 32 96, 0.0104811013045, 0.965915501118
0.187942194496, sigmoid, 0.0597861565175, 64 96 32 128, 0.948976110544, 0.980298578739
0.0048657333501, relu, 0.000151969943542, 64 128 96, 0.340540092607, 0.568696379662
0.00595676594961, leaky_relu, 0.00748446141242, 128 32 96, 0.445690657023, 0.649641573429
0.711407183495, leaky_relu, 0.000936302936991, 32 64 128, 0.995342605922, 6848637440.0
0.0522228749346, sigmoid, 0.0288456762756, 32 64, 0.218940514754, 0.977810502052
0.236004674917, sigmoid, 1.28045183219e-05, 64 128, 0.14271014887, 0.898818850517
0.25114936461, leaky_relu, 0.00731370292422, 64 32 128 96, 0.27133452304, 25384818.0
0.00284636149422, sigmoid, 0.00460202941765, 64 128 96, 0.0480434094897, 0.980347752571
0.08443654175, leaky_relu, 0.000121132868963, 32 96 64, 0.7475677432, 27.9075393677
0.23434050717, relu, 2.64534581193e-05, 64 32 96, 0.126867542698, 0.970642566681
0.117073024179, tanh, 0.000607599156978, 128 32 96 64, 0.583119676544, 2.07030415535
0.00383207315633, sigmoid, 0.00521947615107, 32, 0.624414465328, 0.626502990723
0.00131057490625, relu, 0.00487370918321, 128, 0.244316721101, 0.591150999069
0.00345656732501, tanh, 9.63556778524e-05, 64 128, 0.111702034986, 0.74200886488
0.584363095491, tanh, 0.0113264688542, 64 96 128 32, 0.339087268145, 1.80082726479
0.789752760674, tanh, 0.000173644884031, 32 64 128 96, 0.638833851938, 5.81582355499
0.00239586112393, sigmoid, 0.000807948235227, 96 32 128, 0.538515764362, 0.82006663084
0.0212016885716, tanh, 0.00311496262664, 96 32 64 128, 0.00905907349408, 0.677092373371
0.00783556651585, sigmoid, 0.0022820308657, 96 32 128 64, 0.0401199091136, 0.979231894016
0.00171672393411, leaky_relu, 0.000236574833821, 128 96 32, 0.00894675265343, 0.675225198269
0.0109883223048, leaky_relu, 0.00320003553497, 128 32 64, 0.9425620038, 0.976417243481
0.000289564495688, relu, 0.000118008671258, 128 96 32, 0.329386823714, 0.607989549637
0.000601637637861, sigmoid, 0.000180326862977, 64 96 128 32, 0.379128060684, 0.802349627018
0.0498094090039, sigmoid, 7.60581389211e-05, 96 64 32, 0.094010169134, 0.624532043934
0.000175957049234, leaky_relu, 0.0144900798259, 96 64 32, 0.970318388924, 0.983676314354
0.000966309094824, leaky_relu, 6.23345395014e-05, 32 128 64, 0.182955870375, 0.640645027161
0.0002577072278, sigmoid, 2.98766977147e-05, 32 96, 0.405887752188, 0.670185208321
0.175668424077, sigmoid, 0.00778883656053, 64 32, 0.213389848496, 0.797104537487
0.00140167451609, relu, 0.000161682088756, 96 64, 0.339067661019, 0.641869008541
0.00146756836422, tanh, 0.000209210225503, 96 128 32, 0.911614312809, 0.830986142159
0.139033929708, relu, 1.07770487543e-05, 32 64 96 128, 0.811300860486, 2.16369891167
0.978250860186, tanh, 2.26785368336e-05, 96 32, 0.26100868288, 1.1284815073
0.0281839340319, relu, 0.000264270084183, 96 128, 0.18156579836, 0.637964010239
0.149068112262, tanh, 1.94491939835e-05, 96 32 128 64, 0.614285244277, 1.28932213783
0.0720054107599, relu, 0.00463066567636, 32 128 96, 0.0855038513839, 0.584079384804
0.0718809350856, relu, 0.000734744113919, 64 96 128, 0.832091749589, 0.980064272881
0.14531380869, relu, 1.99167469883e-05, 96 64 32, 0.00974312934366, 0.973366677761
0.003199951274, sigmoid, 0.00502276775987, 128 96 64, 0.607912566077, 0.97992503643
0.000750438104412, relu, 3.76433477281e-05, 128 96 64 32, 0.961339951209, 0.97840577364
0.588718872811, leaky_relu, 0.000427453093302, 32 96, 0.987580323794, 186398864.0
0.205254653625, relu, 0.000327052884234, 64 32 128, 0.549263041291, 0.979125797749
0.216705701641, sigmoid, 0.00858829169317, 32 128 96, 0.826379393254, 0.978308737278
0.41414291458, tanh, 0.00683458596908, 96 64 128, 0.0290336781297, 0.599390685558
0.0483805125576, relu, 0.0408597940822, 128 32, 0.925184656423, 0.976780831814
0.000240933431238, tanh, 4.77525885139e-05, 96 64, 0.490932770055, 0.67993837595
0.160647985276, relu, 0.000441985450491, 128 32 96, 0.55543969535, 0.976721823215
0.000351176690789, tanh, 0.0046459051498, 128 96 32 64, 0.491936065991, 0.731638014317
0.464800887705, relu, 1.25622220716e-05, 128 32 64 96, 0.173262152236, 1.95815908909
0.00680634896564, sigmoid, 0.000136490502004, 64 128 96 32, 0.782689510966, 0.978002786636
0.0114545432679, relu, 0.0821121373815, 32 96 128 64, 0.521128133312, 0.975789666176
0.114935376607, tanh, 0.000813463411845, 128 64 96 32, 0.710238363117, 1.80555784702
0.00824773949545, relu, 1.50198379695e-05, 32 96 128, 0.806824228408, 0.937262833118
0.011922966283, leaky_relu, 1.24897002662e-05, 64 128 96, 0.453675233668, 0.696665465832
0.000948319452375, relu, 0.000646650373088, 64 32 128 96, 0.491221288448, 0.692044854164
0.318273961468, relu, 6.78580561165e-05, 128 32 64, 0.732827575335, 6.2409529686
0.000659901980575, tanh, 0.000287260089868, 64 96 128 32, 0.417251555514, 0.784988343716
0.000205725685958, sigmoid, 1.41912263572e-05, 64, 0.478817996761, 0.63593173027
0.134021612882, leaky_relu, 0.00527756169592, 128 96 64 32, 0.189328658387, 1217.31921387
0.00322492746107, leaky_relu, 0.00170594146886, 64 96 32 128, 0.126547016613, 0.591393649578
0.00288329164668, leaky_relu, 0.00253225058003, 96 128 64, 0.632121114782, 0.666490077972
0.0521724626737, leaky_relu, 6.99071115391e-05, 64 96 32, 0.657344851791, 3.39930605888
0.0341432626375, sigmoid, 1.27750611873e-05, 64 32 96 128, 0.091078443423, 0.911300778389
0.0262848321936, leaky_relu, 0.0252529136443, 64, 0.433397296571, 0.6243942976
0.0435499489367, tanh, 0.0223029645391, 64 32 128, 0.190804630026, 0.607065200806
0.0900978586175, tanh, 0.000772893936188, 64 128 96, 0.104879267623, 0.728015482426
0.00501206829207, tanh, 2.52993867255e-05, 96 32 128 64, 0.664401733082, 2.26461291313
0.0560440629968, sigmoid, 0.0211331371359, 32 128 64, 0.624915628608, 0.976344943047
0.00101392070058, tanh, 0.00396950199045, 32 128 64 96, 0.266113385643, 0.663773775101
0.181637401251, relu, 0.00463826215779, 96 128 32 64, 0.107346342674, 0.977803826332
0.000381927968298, leaky_relu, 4.67548626131e-05, 64 32 128 96, 0.770754793732, 0.967658817768
0.0438628691656, leaky_relu, 0.000216509222709, 128 96 32 64, 0.892555742003, 1.29851877689
0.00707118737005, sigmoid, 0.000263307676239, 64 96 32, 0.80511099187, 0.976313591003
0.000501107237902, relu, 0.00260835723688, 64 96 128 32, 0.857143868486, 0.972123086452
0.000947447404183, sigmoid, 2.91010503044e-05, 96 128 64, 0.226370815167, 0.720824718475
0.00890754749255, leaky_relu, 0.0026879044708, 64 128, 0.74995238637, 0.715006113052
0.0230742708835, relu, 0.0450229727215, 64 32, 0.174964687944, 0.722716927528
0.00400825245538, tanh, 0.000676010693831, 32, 0.347125192649, 0.740378081799
0.00314817625753, relu, 0.00454374351771, 64 32 128, 0.613348699254, 0.687924981117
0.000148036229337, relu, 0.00023655209076, 32 64 96 128, 0.311231102, 0.645959436893
0.000115946211968, sigmoid, 0.00725904076167, 96 128 32 64, 0.485933026888, 0.980950891972
0.000271707915933, leaky_relu, 8.24675519234e-05, 96 64 128 32, 0.111203798134, 0.594600141048
0.000797404616964, leaky_relu, 0.0360464525625, 128 64 96 32, 0.390648390728, 0.974330306053
0.0138275875558, leaky_relu, 6.90425176181e-05, 128 32 64, 0.601364857063, 0.794859945774
0.365725470335, leaky_relu, 5.40487337945e-05, 64 128 96 32, 0.420227324334, 2713810432.0
0.000189941853768, sigmoid, 0.0376941758906, 64 96 128, 0.0936251909611, 0.981094062328
0.0848345868082, sigmoid, 1.50267209064e-05, 32 64 128, 0.369570428062, 0.86521500349
0.0247695577899, leaky_relu, 0.0601649332512, 128 64 32, 0.321258277544, 0.97652131319
0.704554542863, tanh, 0.0261120186536, 32 128, 0.250522685725, 0.606977045536
0.623724451036, sigmoid, 9.5250648432e-05, 32 64 128, 0.966330577209, 4.73364782333
0.0213304845488, sigmoid, 0.0028698137488, 64 32, 0.469919536973, 0.712528288364
0.00219618199141, relu, 0.005164672637, 96, 0.567683445749, 0.574104189873
0.000135683508304, relu, 0.00549716036725, 32 64, 0.752289711292, 0.75464373827
0.0362370753655, sigmoid, 0.00106115113606, 32 128 64, 0.84575832725, 0.968847036362
0.00407529015194, leaky_relu, 1.54772014693e-05, 64 32, 0.662047309513, 0.76877373457
0.464063222122, sigmoid, 0.00537337138923, 128 32, 0.97404892989, 0.979556143284
0.0493188555625, leaky_relu, 0.00568705073917, 32 96, 0.773927043836, 0.959330439568
0.00555686236773, leaky_relu, 2.50232424422e-05, 96 64 128, 0.116955773369, 0.600466191769
0.141337947185, sigmoid, 5.43825655229e-05, 128 32 96, 0.884701790043, 0.984908938408
0.0174652829239, leaky_relu, 0.001573285186, 96 64 128, 0.817905451151, 0.970759868622
0.0237575353968, tanh, 0.000675523354924, 32, 0.598074596716, 0.910878479481
0.036126402672, leaky_relu, 0.0420974823203, 32 128 64 96, 0.00642357585446, 0.977289259434
0.0490130957876, tanh, 0.00122228735683, 128 64, 0.192491089085, 0.718508720398
0.176525069197, leaky_relu, 0.000843110400821, 96 32 64 128, 0.0386573917418, 56.6743240356
0.000114518534041, sigmoid, 0.00113544833812, 128 32 64 96, 0.54253887271, 0.98078930378
0.508424223468, tanh, 0.000584630417808, 96 64 128, 0.199301664755, 1.21967232227
0.2072270186, tanh, 0.00052584378562, 128 96 64 32, 0.617611730409, 1.22205293179
0.00534145817811, relu, 0.00110059976534, 128 96 32 64, 0.140341240011, 0.577952504158
0.00573558780115, relu, 0.00791341760052, 96 128 32, 0.376321989984, 0.649697542191
0.437134162552, leaky_relu, 0.000173075631245, 128 96 64, 0.100977990442, 822.566650391
0.00469021658871, sigmoid, 0.065852655846, 64 32 96 128, 0.0386794322263, 0.978875875473
0.00375650492423, sigmoid, 0.000788673112756, 128 32, 0.376974165702, 0.660291612148
0.262906692214, leaky_relu, 0.010507340047, 64 128 96, 0.905197523671, 19103048.0
0.123209092733, leaky_relu, 2.4873323135e-05, 32 96, 0.133726253259, 6.93509912491
0.412066047077, relu, 0.00283002195425, 96 128 32 64, 0.879999776662, 95.2666015625
0.000135331351204, leaky_relu, 0.010650913047, 32 96 64 128, 0.611471586352, 0.742541372776
0.00166930416643, tanh, 0.0849991853672, 96 128 64 32, 0.454999738281, 0.97490465641
0.00248463195564, relu, 2.01316867766e-05, 32 128 64 96, 0.303745340113, 0.627376198769
0.00147777341096, sigmoid, 0.000310814287806, 96 128 32, 0.991230539429, 0.978469192982
0.0546875788446, sigmoid, 0.000136819550967, 96 32 64 128, 0.343175340453, 0.976634681225
0.00011083735087, sigmoid, 0.000146733150723, 96 32, 0.717718448718, 0.799610972404
0.016445223274, relu, 0.00521034082872, 128 32 96, 0.533584988597, 0.681298971176
0.661415415781, relu, 0.000789191729486, 32 96 128 64, 0.579309827292, 20.4753112793
0.00288859331005, relu, 0.000337861355945, 32 64 96, 0.0187707166861, 0.685017645359
0.0586712236147, relu, 0.000118720331189, 96 64 32 128, 0.440012551561, 0.978484153748
0.00472479488212, leaky_relu, 1.33232225871e-05, 128 64 32, 0.599224874743, 0.725766479969
0.00330426312622, relu, 0.0124067541431, 96 64 128 32, 0.261943665603, 0.729319870472
0.00504153263132, relu, 0.000340196055683, 64 32 128 96, 0.654375275357, 0.75738286972
0.000727611754463, relu, 9.41730542157e-05, 32 64, 0.90578049046, 0.932266414165
0.000359702780693, tanh, 0.0203282594001, 64 128 96, 0.996590741788, 0.978589296341
0.000792994991034, sigmoid, 0.0972623197522, 32 64 96 128, 0.779511981542, 0.980814039707
0.000648057047963, leaky_relu, 0.00525971524996, 64 32 128, 0.904771735816, 0.887828230858
0.213389356684, relu, 0.000941171601849, 32 64 96, 0.214879447841, 0.937264740467
0.204420990166, leaky_relu, 0.064338876142, 64 128 32 96, 0.792478213415, 932443136.0
0.0151943315764, sigmoid, 0.00448508273673, 64 128 96, 0.849326259926, 0.978018641472
0.237455656092, sigmoid, 0.0905755213508, 96, 0.268871610968, 0.96119838953
0.194285553339, leaky_relu, 0.0831396793736, 32 64, 0.553897499443, 0.875007331371
0.0250507648613, relu, 0.000594956055748, 96 128 32, 0.103568803537, 0.573925971985
0.106223104747, tanh, 3.99281389082e-05, 32 128 64 96, 0.740787374965, 1.59037101269
0.00221506363373, sigmoid, 0.00269323930336, 32 64 96 128, 0.979333005661, 0.978503227234
0.00205724204431, sigmoid, 0.000437234435283, 64 128 96, 0.0117096599935, 0.650217115879
0.0190056811602, tanh, 6.45541208047e-05, 128 96 32 64, 0.455051537773, 0.981875896454
0.0295099342089, relu, 0.00568001593849, 32 128, 0.683155434929, 0.792774200439
0.00022461254877, tanh, 0.000126432007169, 128 96 32 64, 0.565208005952, 0.799296081066
0.000216921503453, tanh, 0.000159212129087, 32 128 96 64, 0.918605650931, 0.969333529472
0.00415049348505, sigmoid, 0.0726802670981, 128 32 96, 0.146314745278, 0.979671776295
0.0380560055082, relu, 0.00015642705266, 64 96, 0.206359751411, 0.699464678764
0.0455431547109, leaky_relu, 0.00100876421586, 64 32 96, 0.480487328594, 1.05591928959
0.0268370623516, sigmoid, 0.0442700429273, 32, 0.698279465627, 0.876347005367
0.035573590776, relu, 8.94713327899e-05, 96 128 32 64, 0.351220306931, 0.719925522804
0.795082051073, relu, 2.90469860392e-05, 64 96, 0.619899680111, 1.58469688892
0.0159726904418, sigmoid, 0.0245112948868, 96 64 32, 0.90807796848, 0.978065311909
0.00356852001703, relu, 8.7689301696e-05, 32 64 128 96, 0.552359397462, 0.718663752079
0.00645962877947, tanh, 0.0534757960411, 32 64 128, 0.112945438837, 0.771232068539
0.00833520129976, tanh, 3.25963955463e-05, 32 128 64 96, 0.383812769623, 0.942398250103
0.0308606581327, sigmoid, 0.000161873010515, 128 64 96, 0.513647721356, 1.14698982239
0.00383091925265, relu, 0.0928770202598, 128 64 32 96, 0.534951598386, 0.975473642349
0.873429694603, leaky_relu, 0.000418900600423, 96 64 32 128, 0.210988926563, 1.7337614336e+12
0.000121947349527, tanh, 0.00314213879233, 96, 0.739325523025, 0.753412842751
0.00129990617385, relu, 0.0397788828816, 96 64, 0.0747526120344, 0.702064692974
0.000159764438549, leaky_relu, 0.000268261023388, 64 32 96, 0.0833634596378, 0.624240219593
0.0635181899851, relu, 0.000924696679986, 96 32 64, 0.585987998711, 0.93847411871
0.327882010032, tanh, 0.00789559777663, 128 32 96, 0.309096286732, 0.635458469391
0.00145629853475, sigmoid, 0.00174297308758, 64 96, 0.291214951421, 0.626524746418
0.0267781552622, tanh, 0.000151152598414, 64 32 96, 0.851859179268, 9.66797924042
0.0103728340419, leaky_relu, 0.0131250172138, 64 96 32 128, 0.6053344101, 0.978287816048
0.0212087575831, tanh, 0.0062588968897, 96 32 64, 0.771203606283, 2.68166255951
0.000739740123056, leaky_relu, 0.00770064451958, 32 128 96 64, 0.997023863299, 0.979385256767
0.00178272350593, relu, 0.00231791741562, 128 32, 0.93216566815, 0.90603685379
0.0043591603753, tanh, 0.00302562972507, 96 32 64 128, 0.208345165808, 0.645280718803
0.0028290312799, leaky_relu, 0.00691670414901, 128 64, 0.514250005488, 0.603761672974
0.000157560141343, leaky_relu, 0.00253280516843, 64 96 32, 0.0423482415268, 0.584424436092
0.00103452863626, leaky_relu, 0.0991836516156, 32 96 128 64, 0.911724284907, 0.974622368813
0.0198534489893, tanh, 0.0630473418923, 96, 0.204249602307, 0.613200187683
0.000359197366713, sigmoid, 0.00441814864915, 64 128 32, 0.0753279711925, 0.980951845646
0.000432715283837, relu, 0.0151251041721, 128 32 96, 0.343222109139, 0.670716762543
0.00836028221153, relu, 0.000199033007003, 128 96 64, 0.0434744999286, 0.599469482899
0.000294041086655, sigmoid, 0.00294909768587, 64 96 32, 0.57635835371, 0.979016423225
0.297464507132, relu, 0.0463989991744, 96 128 64 32, 0.656118872738, 0.973762094975
0.0214660264786, sigmoid, 0.00146643563396, 64 128 32, 0.172832708113, 0.977013707161
0.116651859168, relu, 0.0156516871765, 128 32 96 64, 0.122055692854, 0.861803889275
0.000304989818061, tanh, 0.0977191213301, 96 32 128 64, 0.587934551816, 0.973730325699
0.00589932892184, sigmoid, 0.00804798463001, 32 64, 0.747534023737, 0.777376174927
0.000569791518428, leaky_relu, 0.00124617523034, 96 32, 0.487567954511, 0.667879462242
0.300681720241, sigmoid, 0.00407441413256, 128 96 64 32, 0.815650609376, 0.974235117435
0.0364503397535, relu, 2.00133117876e-05, 32 96 128, 0.423202094231, 0.826400876045
0.000133950809357, sigmoid, 3.27121896809e-05, 128 32 64, 0.814303077713, 0.806968033314
0.00185044079889, tanh, 0.0043862239258, 64 128 96, 0.600807872855, 0.856855630875
0.295683378974, leaky_relu, 0.0949939873276, 96 64, 0.378579961378, 10823.1552734
0.116611761527, leaky_relu, 0.000115309979553, 64 32, 0.482621292865, 2.00693678856
0.00028496552351, sigmoid, 0.000595048057778, 64 96 128, 0.016006494805, 0.75265365839
0.768683274485, relu, 0.0108810794938, 128 64, 0.110847613842, 0.97999894619
0.00101767163844, tanh, 1.63179196576e-05, 128 64 96, 0.118935293766, 0.732778310776
0.00857750454266, relu, 0.000173463413846, 64, 0.819392247917, 0.690787732601
0.017151137199, relu, 0.0270239839809, 96 128, 0.49413296707, 0.663385212421
0.162354403297, sigmoid, 0.0599722053616, 128 32 96 64, 0.0902941318327, 0.977734386921
0.000169385011893, leaky_relu, 0.000604298757056, 128 96 32, 0.0684309180437, 0.611167907715
0.0204220410707, leaky_relu, 0.00324851181924, 32 128 96, 0.77231271125, 0.930820047855
0.000262628752191, tanh, 0.0594966366836, 32 96 128 64, 0.42594166602, 0.976631760597
0.147964992803, sigmoid, 0.000228645318876, 64 32 128 96, 0.265830833295, 1.00385200977
0.00345239909901, relu, 0.00024839724016, 64 96, 0.338068409483, 0.595782399178
0.000144750495802, leaky_relu, 0.00457865410302, 128 64 32, 0.43972777665, 0.645516097546
0.0933563619322, relu, 0.0296728265905, 64 32, 0.453038360821, 0.835269451141
0.225149181041, leaky_relu, 0.0129056608303, 64 32 96, 0.265317020918, 56335.5078125
0.000546538825133, leaky_relu, 0.0488571381808, 64, 0.247393031225, 0.645658612251
0.0833319815831, leaky_relu, 0.00967528645074, 96 128 32, 0.430331618185, 0.846963644028
0.000622618288313, sigmoid, 0.00108001822353, 128 32 96 64, 0.116834211222, 0.98083037138
0.0576435850858, relu, 0.0250180352359, 64 32, 0.657087798302, 0.801752507687
0.0148994106161, relu, 0.00107606318385, 32 96 128, 0.0517227921493, 0.598787307739
0.00463931784518, leaky_relu, 3.73788353694e-05, 64 128, 0.246561284229, 0.636986076832
0.0691498891941, sigmoid, 0.000120601790881, 32 96 128 64, 0.40243370754, 0.97361344099
0.53521762095, sigmoid, 1.38856938213e-05, 128 32 96, 0.383852169367, 0.960456430912
0.814057729424, sigmoid, 0.00753566477933, 128 32, 0.946154277608, 0.97754240036
0.00178696721923, relu, 0.00140364424451, 96 32 64 128, 0.53759227538, 0.744735896587
0.00620727415098, sigmoid, 1.59638025162e-05, 128 96, 0.755380497282, 2.36608338356
0.728788809237, tanh, 0.0276642787981, 32 128 96, 0.0597205797273, 0.608644902706
0.337695606774, tanh, 0.000670600142971, 128 96 32 64, 0.103239041413, 0.867810249329
0.564977909279, relu, 0.000145370625169, 96 128 64 32, 0.564624119928, 20.2580909729
0.0317205424355, leaky_relu, 0.000232278028352, 128 96 32, 0.214294077846, 0.708054721355
0.000161585814865, sigmoid, 0.0007902859103, 32 64 96 128, 0.613754352482, 0.980998814106
0.000585906249192, tanh, 0.0932637555705, 96 32 64, 0.924476086327, 0.975431799889
0.0480002141131, relu, 0.022317858492, 96 64 32, 0.160533719886, 0.707766294479
0.000386066769213, sigmoid, 0.0111078457994, 64 32 96 128, 0.665900966696, 0.981034219265
0.0778134891905, sigmoid, 0.0593657843631, 128 64 32, 0.487101916309, 0.975828111172
0.106529679048, leaky_relu, 8.09458308004e-05, 64 96 32, 0.740890799183, 241.111785889
0.0336080147214, tanh, 1.34312931605e-05, 96 64 32, 0.604498434884, 1.38854682446
0.00151257081005, tanh, 0.0179596314332, 96 128, 0.63765941109, 0.652703464031
0.00349993424696, tanh, 0.000174616960195, 96, 0.491942719102, 0.848015725613
0.121119712478, sigmoid, 0.00189639931647, 128 32 96 64, 0.440437610459, 0.994430243969
0.174459213419, leaky_relu, 0.0136759519083, 64 96, 0.0200033501078, 0.625704884529
0.000527679388477, tanh, 0.000839520136934, 96 32, 0.500977626146, 0.654981970787
0.0061549301436, relu, 2.8312682204e-05, 96 32 128 64, 0.546880489046, 0.765006780624
0.000294381609015, leaky_relu, 0.000151719777121, 128 32 96, 0.242055344149, 0.621367633343
0.0897839521818, leaky_relu, 6.39634394984e-05, 128 96, 0.0260786599828, 43.2455406189
0.00324475907353, relu, 0.000111769910491, 32 128 96 64, 0.469534697711, 0.665311157703
0.00362124947338, leaky_relu, 0.0716524157275, 64 128 96, 0.187612797736, 0.976148188114
0.00420105942796, relu, 0.0059891628232, 32 64 128 96, 0.860996731525, 0.980109989643
0.00742630480269, leaky_relu, 0.00418165979675, 128 96 64, 0.916694633749, 0.973421216011
0.000904764028566, leaky_relu, 0.000999622759246, 128, 0.00399874248933, 0.620612740517
0.0919651001751, relu, 0.000450704802847, 32 64, 0.685087758436, 0.977810502052
0.287278871411, relu, 2.1265697483e-05, 128 64 32 96, 0.538290772663, 1.25866246223
0.474415927362, tanh, 3.79758626548e-05, 128 64 32, 0.8187257368, 2.03754925728
0.000165449122526, sigmoid, 9.01859073597e-05, 96 128 32, 0.921249678406, 0.979617774487
0.00187149464621, tanh, 0.000247290912719, 32 128 64 96, 0.306387819124, 0.768324196339
0.449483893278, relu, 0.0470094796532, 96 128, 0.0329651788242, 0.928223073483
0.0167270753317, relu, 1.41028931096e-05, 64 128, 0.446622244556, 0.69911211729
0.261869597331, tanh, 0.000136848682751, 128 32 96, 0.363893665788, 1.58328163624
0.816948106555, tanh, 0.000708386810164, 96 32 64, 0.65551905289, 4.15053510666
0.719694153196, sigmoid, 1.47954848671e-05, 128 64 32 96, 0.153489685704, 1.13228034973
0.0750859130309, sigmoid, 0.00243878752413, 32 96 128, 0.0787943664193, 0.747963905334
0.00427051945408, sigmoid, 0.0072194098036, 64 96 128, 0.32090313757, 0.979168593884
0.000251717770492, sigmoid, 0.00430803194983, 96 64, 0.41390563958, 0.670606732368
0.00393066594819, tanh, 0.000854116448199, 64 32, 0.607337899781, 1.04865193367
0.182169436543, sigmoid, 0.000414943817765, 128 32, 0.566030236504, 0.901615560055
0.000949950829713, tanh, 0.0116874171402, 96 32 128, 0.488779947796, 0.630424082279
0.00230895584551, leaky_relu, 0.00042052107523, 32 128 64, 0.468469421532, 0.702928423882
0.0523047295056, relu, 0.0823985905517, 64 96 128, 0.370883351226, 0.975350379944
0.0230086692936, tanh, 0.0533160175753, 32 96, 0.27941112173, 0.691563785076
0.000127950577401, sigmoid, 7.33577480157e-05, 96 128 64, 0.472109125123, 0.806419014931
0.000186196543469, sigmoid, 0.00166432090154, 64 96 128, 0.22156676134, 0.980722486973
0.000294910752876, tanh, 0.000202596312448, 32 64, 0.55643969401, 0.720693409443
0.000261494681735, tanh, 0.0051913455176, 32 64 128, 0.847566341438, 0.842804372311
0.00111639909216, tanh, 0.00148803624485, 64 96 128 32, 0.362379048449, 0.728653907776
0.0211671914018, relu, 0.000175384854411, 96 64 128 32, 0.385800302319, 0.753114283085
0.285954537457, sigmoid, 0.000764413070423, 96 32, 0.333842329564, 0.639404952526
0.00241098772078, leaky_relu, 0.000883990980641, 96 64 32, 0.41741918129, 0.632136642933
0.000533831856914, leaky_relu, 0.000265467021099, 64 32 96 128, 0.175887334104, 0.631095230579
0.00619194560031, relu, 1.33238441806e-05, 128 64 96 32, 0.0861521419975, 0.555384635925
0.00278841536751, relu, 0.002179648562, 64 128 96 32, 0.58589668464, 0.692384719849
0.131021900261, leaky_relu, 0.0668356606262, 128 96 32, 0.0346528300157, 0.974993407726
0.000320650324203, leaky_relu, 0.0222568343817, 64 128 32, 0.912984539734, 0.975487172604
0.0605600616256, tanh, 0.00183525563222, 64 128 96 32, 0.736206564755, 3.27425432205
0.0362126071486, sigmoid, 0.000831166649384, 32 64 96 128, 0.259967370044, 0.763948559761
0.245941206327, leaky_relu, 1.19042975609e-05, 96 64 128, 0.0905971211975, 3159.1340332
0.000791867245079, tanh, 3.50548170018e-05, 32 64, 0.917024169805, 0.809543788433
0.00156878871232, tanh, 0.00224138837564, 64, 0.489918211596, 0.678908646107
0.531522727906, leaky_relu, 0.0387748882262, 32 64 128 96, 0.959482500537, 3.17612621824e+11
0.0295309221229, tanh, 0.0558905064966, 128, 0.916979299425, 0.758930325508
0.00584500056432, sigmoid, 0.000367060859364, 128 96 32 64, 0.257568221403, 0.97906601429
0.000172818955604, sigmoid, 0.000180916318007, 32 128 96 64, 0.445914646659, 0.810822308064
0.369002123367, tanh, 0.00056847223751, 64 96 32, 0.74571479895, 1.89782845974
0.000513731783393, tanh, 0.0328895573503, 64 96 32 128, 0.611706942089, 0.976242542267
0.0110968127689, tanh, 0.0390002154045, 64 96 128 32, 0.452070185828, 0.977652549744
0.672238457208, relu, 0.0674360998482, 64 32 128 96, 0.389005067752, 2.37809252739
0.41447623256, relu, 0.0131543397916, 64 32 128, 0.0695630011923, 0.977648019791
0.256056744547, relu, 0.00235354264885, 64 128, 0.800351185551, 0.980418264866
0.00300366168177, leaky_relu, 5.00316873588e-05, 128 32 96 64, 0.802374641382, 0.971510469913
0.00349140872229, sigmoid, 0.0752469326882, 96 64 128, 0.206936644887, 0.979527890682
0.000640421941243, leaky_relu, 0.0146378326991, 96 32 64, 0.553859149705, 0.762989580631
0.000116641511435, sigmoid, 9.10670661515e-05, 64 32 96 128, 0.420830004007, 0.814725458622
0.00323253354409, relu, 0.0307562910553, 64 128 32, 0.0488761601811, 0.756646633148
0.142747051869, tanh, 0.0264095627034, 96 128 32, 0.117177463806, 0.79440921545
0.0616871440951, relu, 0.0348758371312, 64 32 128, 0.274018899888, 0.784730315208
0.00470447058583, leaky_relu, 0.00161371066268, 64 96 32, 0.189145416054, 0.597127258778
0.113362158373, relu, 0.0615722030434, 64 128 32, 0.106916688357, 0.975700080395
0.0203286267935, sigmoid, 0.00153611196031, 32, 0.872748771548, 1.38181483746
0.0586943201241, relu, 0.00262503426738, 128 96 32, 0.0704669752408, 0.659211099148
0.378576225715, relu, 9.40081320522e-05, 96 32 128, 0.0872239726958, 0.967156231403
0.00332658772285, relu, 0.0894269657485, 64 96 128, 0.856925808231, 0.975573241711
0.000406599567897, leaky_relu, 0.00425740453255, 128 32 96, 0.0652680274836, 0.639169931412
0.00212496640234, tanh, 0.0079219314423, 32 96, 0.996420699505, 0.980079770088
0.00136724354459, tanh, 0.00726278219153, 128 32 64 96, 0.59184027552, 0.817408800125
0.0424621235362, sigmoid, 0.000737173595371, 96, 0.104276863302, 0.684477627277
0.00368901633581, leaky_relu, 8.28674020942e-05, 128 32 96, 0.00404931751328, 0.747083485126
0.0207578041832, leaky_relu, 0.0466903474444, 32 96 128 64, 0.630636617921, 0.977111935616
0.000485810271453, tanh, 0.0115678871437, 96 64 32 128, 0.108148603693, 0.637463867664
0.101710542263, sigmoid, 0.0688985557711, 128 32, 0.964837199404, 0.976628601551
0.24510574251, relu, 0.0385950809343, 128 32, 0.678447597297, 0.981454312801
0.000357592790385, tanh, 0.0175260483514, 32 96 64, 0.439422942883, 0.644145548344
0.00432578042754, relu, 0.00572733395417, 96 128 64, 0.571572659141, 0.67426109314
0.00688054903198, tanh, 6.31595696737e-05, 32 64 128, 0.92729920178, 0.950354337692
0.00017473440581, leaky_relu, 0.0708006328591, 96 64 32, 0.210954029452, 0.974280655384
0.753832685963, leaky_relu, 1.94719679429e-05, 64 32 128 96, 0.671769204835, 7.65264815718e+12
0.886539280524, relu, 0.00347188853866, 96 32 128, 0.751172933108, 44.7824859619
0.000597730914882, leaky_relu, 0.0650178735064, 128 64 32 96, 0.466177822563, 0.976181924343
0.000227458732991, tanh, 0.00882587078411, 64 32, 0.740792466415, 0.79455691576
0.381930401757, sigmoid, 0.0190498573712, 128 64 96, 0.04440262569, 0.981037437916
0.000330451503614, tanh, 8.56069956999e-05, 64 32 96, 0.221372952303, 0.656037032604
0.000434373322645, relu, 4.4829339452e-05, 128 32 64 96, 0.64668280377, 0.901775658131
0.00232954320928, relu, 0.0752230718924, 96 32 128, 0.429066390387, 0.976022183895
0.760554680067, tanh, 1.47652048911e-05, 64 96 128 32, 0.312261534102, 1.41858482361
0.00411462245521, sigmoid, 5.03675558798e-05, 32 128, 0.706537827914, 1.12031280994
0.259121908458, leaky_relu, 0.0101950498149, 32, 0.618675963401, 0.657279670238
0.111902386454, tanh, 4.80056112822e-05, 96, 0.810696299441, 4.27057123184
0.0658966372796, leaky_relu, 0.061566114358, 32 128 96, 0.157773760603, 0.976139843464
0.44718592705, sigmoid, 0.000404233404615, 32 128 96, 0.741836541436, 1.17056202888
0.00130854882069, sigmoid, 0.00775412170267, 96 32 128, 0.471949710027, 0.980945467949
0.194838143699, leaky_relu, 3.22099415566e-05, 32 128 96, 0.919736549572, 74732.2890625
0.00300915185807, leaky_relu, 0.0112849511934, 64 128 96 32, 0.749262621608, 0.979808151722
0.0120592905659, leaky_relu, 1.62561834483e-05, 128 64 96 32, 0.478867298105, 0.755658149719
0.218400718085, relu, 0.00224497306134, 96 64 128, 0.675609370276, 0.975787341595
0.0519800961294, relu, 2.30507767793e-05, 128 96 64, 0.544642097904, 0.9783898592
0.732536022309, leaky_relu, 0.00170402249314, 32 96 128 64, 0.259150524176, 33025738752.0
0.271507842563, sigmoid, 0.00344524926261, 64 96 32, 0.932951168492, 0.979522407055
0.000506410362701, tanh, 0.000627406342198, 128 96 64 32, 0.775989321863, 0.779043853283
0.0354612919021, sigmoid, 0.000413347686053, 96 32, 0.714147808657, 1.5123847723
0.000809009993182, sigmoid, 0.00340077825856, 128 64 96 32, 0.0951608885108, 0.980786919594
0.0378746438458, relu, 0.00237592340381, 96 128 32, 0.505341450966, 0.802357852459
0.811920345001, sigmoid, 0.00887285616599, 64 32 128, 0.0105517042362, 0.990048229694
0.0692604225165, sigmoid, 0.0161835676538, 32 64 128 96, 0.94070621849, 0.976448059082
0.000835780905221, tanh, 2.76868031466e-05, 96 32 128, 0.446579911323, 0.823490738869
0.0189082366285, leaky_relu, 6.93854775362e-05, 32 96 128 64, 0.0775958482778, 0.665855228901
0.00092218224263, tanh, 0.000920963752063, 128 32 96, 0.979006178951, 0.980672001839
0.0210946881521, sigmoid, 0.000617328942976, 96 128, 0.314820605278, 0.67805147171
0.0281416985321, sigmoid, 2.33976465986e-05, 64 128 32 96, 0.714875211991, 0.98000639677
0.130129207617, sigmoid, 2.85039131311e-05, 128 96 64 32, 0.397782223042, 0.985490679741
0.000875905388986, relu, 5.90511616505e-05, 64, 0.913426198005, 0.744585633278
0.00290783345992, sigmoid, 2.86984829969e-05, 32 96 64 128, 0.380893178319, 0.920768260956
0.0359123413931, relu, 0.0763559697273, 32 128 64 96, 0.812743294173, 0.975500762463
0.0162624033041, tanh, 5.76873841098e-05, 96 64 32, 0.785178304808, 3.5288374424
0.000208829611892, sigmoid, 0.00732271182789, 128 32, 0.37933615065, 0.779085099697
0.00572572583555, tanh, 0.013392553416, 64 96 32, 0.594582700047, 0.734757661819
0.281547073452, leaky_relu, 2.07773800684e-05, 32 96 128 64, 0.843657087538, 14707320.0
0.00421885414205, leaky_relu, 2.42262785216e-05, 64 32, 0.0826275463173, 0.625826239586
0.787660916285, sigmoid, 0.0326623095971, 128 96 32 64, 0.163415359274, 0.98100310564
0.00141203147491, sigmoid, 5.36536165016e-05, 64 96 128, 0.57053298809, 0.990576922894
0.00178139520773, leaky_relu, 0.0014475366963, 96 64 128 32, 0.881593921302, 0.945259094238
0.00219759097686, sigmoid, 0.00197345314485, 64 32 128 96, 0.055971731016, 0.980784475803
0.000855409262505, leaky_relu, 0.00418224697332, 64 96 128, 0.419864837772, 0.656014561653
0.0875618911568, leaky_relu, 0.00698365943338, 32 128, 0.840658432251, 8.65493679047
0.000343735896637, relu, 0.00323740763787, 32 64 96 128, 0.72059430849, 0.773581445217
0.00452598729213, relu, 0.00431527619254, 128 32 96, 0.764742179163, 0.752659618855
0.00163348679242, relu, 0.000131101959444, 64 128 32, 0.542211587861, 0.692457079887
0.00107385163446, tanh, 3.70901936264e-05, 96 128 64, 0.665799805067, 1.54329633713
0.138838439501, tanh, 0.0158285628653, 96 32 128, 0.255718957746, 0.620025753975
0.000871573549255, leaky_relu, 0.000723046111619, 128 96 32 64, 0.508521988625, 0.719151318073
0.140093401262, relu, 3.46038771603e-05, 96 128 32, 0.285329608747, 0.977337777615
0.248498161356, relu, 0.00397696589029, 96 128, 0.471610782552, 0.982032775879
0.00520889019427, leaky_relu, 0.000111462298541, 96 128, 0.758906228375, 0.747381031513
0.0394738279979, sigmoid, 0.00124052504843, 64 32 96 128, 0.230291129848, 0.759772062302
0.00406569908045, relu, 0.0229367544516, 64 128 96, 0.0258508337916, 0.691698312759
0.354588835594, relu, 0.00410668386595, 128 32 96 64, 0.759875507384, 3.31275224686
0.00179112066041, relu, 0.00309655206, 96 64 128, 0.707337272919, 0.705850541592
0.00151020499708, sigmoid, 0.00418814958582, 128 64 96 32, 0.750699634599, 0.98035722971
0.0134626815089, relu, 2.71383499384e-05, 128, 0.401006389489, 0.750448048115
0.00478080708843, sigmoid, 1.65411789537e-05, 96 64 128, 0.367371089863, 0.917033731937
0.0169925071214, sigmoid, 0.0110597977991, 128 96, 0.127252247247, 0.977103710175
0.000182720609447, sigmoid, 0.000347095241638, 128 32 96 64, 0.305394149342, 0.980974733829
0.0495696857589, relu, 0.00458477763247, 96, 0.0336035306235, 0.602490246296
0.000175247191258, tanh, 3.66016828586e-05, 32 128 64, 0.242821780896, 0.648586392403
0.0991772103103, relu, 0.0295352926537, 64 32, 0.690925425333, 0.841833233833
0.000104425989583, leaky_relu, 1.23174566704e-05, 128 32 64, 0.0479739011286, 0.62624078989
0.00288043726415, relu, 0.00457414184865, 32 96 64, 0.493225044279, 0.680572748184
0.0159994336608, tanh, 5.6282171092e-05, 128 96 64 32, 0.335977710343, 0.816735029221
0.000105321867508, leaky_relu, 0.0135448344889, 32 128, 0.697538436957, 0.737342715263
0.145902520386, tanh, 2.8472520022e-05, 128 64 32, 0.925678544356, 1.44385254383
0.292603180929, sigmoid, 8.12754286017e-05, 64 96 32 128, 0.610837185478, 0.985281407833
0.000276795633024, sigmoid, 0.0251371385963, 128 32 96, 0.0562969622648, 0.980952322483
0.000100698242086, leaky_relu, 0.000117902162124, 96 64 32, 0.594350454765, 0.733780026436
0.0317148602677, relu, 7.77074696334e-05, 64 96, 0.0435344489318, 0.672381103039
0.00221524933123, leaky_relu, 2.22431746815e-05, 32 96 64, 0.542870482319, 0.699098706245
0.00231437363781, sigmoid, 0.00728827075186, 32 96 128, 0.0395563085541, 0.98055678606
0.0215031253477, tanh, 0.00161127037287, 128 32 96, 0.28547351433, 0.77357417345
0.00062830907562, relu, 0.0492010227832, 96, 0.86370056293, 0.727876126766
0.15154264177, leaky_relu, 2.45110642916e-05, 128 32 64, 0.240245095527, 266.864929199
0.000118145468264, relu, 0.012370091593, 96 64 32, 0.779466530188, 0.879396319389
0.00157592132411, tanh, 0.000221245517275, 64 128 32 96, 0.50487601578, 0.997427225113
0.243702037569, leaky_relu, 0.0257039747311, 128 64 96, 0.934749248765, 366993.5625
0.377568116792, sigmoid, 0.0010001944622, 96 64 32, 0.401595223242, 1.21625173092
0.0117569215312, relu, 0.000150018681193, 128 96 32, 0.0631173930948, 0.619701266289
0.364047239108, leaky_relu, 0.0017945982443, 64 96 128 32, 0.584801350788, 4226527232.0
0.126752089839, tanh, 2.59352095857e-05, 64 96 128, 0.168724187601, 1.12298905849
0.00361511367803, sigmoid, 0.000186297018636, 64 96 128, 0.915934143416, 0.980285942554
0.0922550952645, sigmoid, 0.0257966838949, 128 32 96 64, 0.917150690381, 0.976293444633
0.000675521177015, relu, 0.00545123310842, 96 64 128 32, 0.853342330364, 0.863997638226
0.0191235072962, sigmoid, 0.000408086786238, 128 32 96 64, 0.655682039621, 0.981790781021
0.000976494758413, sigmoid, 0.00967820156242, 96 64 128, 0.147415393371, 0.98098051548
0.00717230013373, relu, 0.000758086396302, 64 96 128, 0.324000518172, 0.589877784252
0.00238658311237, sigmoid, 0.000135376294157, 64 32 96 128, 0.68303132813, 0.978497624397
0.00373406098957, relu, 0.0459748512148, 96 64, 0.395375760377, 0.747332334518
0.167545086616, leaky_relu, 0.00663499877576, 64 96, 0.613075508376, 967.117004395
0.000239324872244, leaky_relu, 0.0240914036272, 96 64 128 32, 0.322015131047, 0.978252410889
0.305620510564, leaky_relu, 0.000208804874919, 32 128 96 64, 0.525228487912, 2191601152.0
0.109103497361, relu, 0.00511518360459, 64 32, 0.470339407923, 0.965995013714
0.000129505438242, tanh, 2.55097778813e-05, 96 32 128, 0.82983036549, 0.796379208565
0.00981521955386, leaky_relu, 0.000471374857308, 96 64 32 128, 0.497329217745, 0.730454444885
0.000875372238593, leaky_relu, 0.013705531944, 64 128 32, 0.359900638551, 0.656118094921
0.00112505136631, sigmoid, 0.0134150237456, 32 128, 0.63631626086, 0.981038033962
0.0635482576199, relu, 0.0103577433688, 32 96 64, 0.0672544469287, 0.607290029526
0.0797086359538, tanh, 1.13500860291e-05, 96 64, 0.223289014483, 0.873736083508
0.0320559598417, relu, 4.17628295378e-05, 128 32 64 96, 0.5545773723, 0.92455470562
0.491409363495, tanh, 0.000237096370558, 64 128, 0.456004499263, 3.3033850193
0.0773869835225, leaky_relu, 0.000218663741544, 64 128 32 96, 0.88129023199, 1749.85852051
0.00470975877113, leaky_relu, 0.00519439052192, 64 32, 0.436491261156, 0.629348754883
0.00118999954628, tanh, 0.0407421019558, 96 64 32, 0.926114027453, 0.976774334908
0.327496274736, leaky_relu, 0.000103105138092, 32 64 96 128, 0.955107928218, 10569561088.0
0.0941334746792, tanh, 7.45664377176e-05, 96 128, 0.458415200453, 1.24008452892
0.00665199060628, leaky_relu, 2.08758538014e-05, 96 64 128, 0.0163154558216, 0.649984955788
0.0493864100693, relu, 0.00428558098538, 128 32 96 64, 0.809144514146, 0.973755061626
0.000475916962641, leaky_relu, 0.00029377062985, 32 128 96 64, 0.378180944141, 0.715163826942
0.0629125472967, relu, 0.000402394677091, 96 64 32, 0.688617893118, 0.978179037571
0.00257973509951, sigmoid, 0.00207156856938, 96 64 32 128, 0.626342114057, 0.979786336422
0.00315761183952, tanh, 4.77530022947e-05, 32 96 128, 0.26038981303, 0.729675173759
0.00267124192801, leaky_relu, 0.00941015280347, 32 128 96, 0.999408271197, 0.979761481285
0.000496452289497, leaky_relu, 0.000384292508491, 128, 0.732665643261, 0.607328593731
0.197791011926, tanh, 0.00131494951323, 128, 0.412418057647, 0.925340592861
0.157376642797, leaky_relu, 0.0629792857598, 64 128 96 32, 0.841033855915, 714881.25
0.0390010506143, leaky_relu, 0.0550652752446, 64 96 128 32, 0.535469770381, 0.976621985435
0.000702559342783, relu, 0.0997023422149, 64 96 32 128, 0.575213876795, 0.975293874741
0.000418074926556, relu, 3.14371483893e-05, 128 96, 0.801711066118, 0.734929025173
0.00412059552146, relu, 0.0105528957113, 32 128, 0.199377461952, 0.604716181755
0.699095583861, tanh, 0.00742665213707, 64 96 32 128, 0.805140248182, 5.41704559326
0.00101826694814, sigmoid, 1.14860513192e-05, 128 64, 0.443679860328, 0.663138508797
0.000465218105366, relu, 0.000720559187471, 32 96 128, 0.322816883908, 0.615407288074
0.000591633064772, relu, 0.000149733627563, 96 32 128, 0.899504164489, 0.973005056381
0.00972834112403, sigmoid, 0.00901017449862, 96 128, 0.757657858526, 0.977096140385
0.689781320988, sigmoid, 0.000132121173523, 64 96 128 32, 0.597202576384, 0.996615409851
0.0357978916318, sigmoid, 0.00200295058514, 64 96 32, 0.836089179229, 0.982826530933
0.000342859420461, sigmoid, 0.00617213059212, 64, 0.285376004991, 0.568141758442
0.000128406022031, leaky_relu, 3.98370139052e-05, 32 64 128 96, 0.035814553592, 0.701123774052
0.000138187216546, sigmoid, 2.80025826592e-05, 128 96 64 32, 0.421582660924, 0.799034237862
0.0277370583769, sigmoid, 0.00266312199109, 64 96 32 128, 0.914922852899, 0.977819085121
0.0112585153803, relu, 7.32222337859e-05, 32 96 64, 0.444127887275, 0.64399510622
0.211158648954, sigmoid, 0.00671568970609, 128 96 64, 0.0250836621298, 0.978874623775
0.0971772793361, tanh, 0.068538946491, 128, 0.980638223017, 0.933202624321
0.000109907231119, sigmoid, 0.0218708797684, 128 64 96 32, 0.549917660198, 0.974943399429
0.00220435217983, leaky_relu, 0.0598806933597, 32 96 128, 0.91178872194, 0.976153433323
0.298610671877, sigmoid, 0.000124077709675, 64 32 96 128, 0.959814748461, 1.08042728901
0.000225209712389, sigmoid, 0.0984075675695, 64 96, 0.188557141908, 0.980730175972
0.12533443677, tanh, 1.06096182727e-05, 64, 0.955498458, 9.44574737549
0.000862564232389, tanh, 3.91947389881e-05, 96 32, 0.794843058604, 1.06638205051
0.0331687990271, tanh, 0.00101467859407, 32, 0.8849713272, 2.76736903191
0.000574783873753, relu, 0.0018082014632, 32 64 128, 0.795077947655, 0.747334718704
0.000170709428914, tanh, 0.0117314437719, 32 128 96 64, 0.0346318557492, 0.664887368679
0.269534123532, sigmoid, 0.00271177359054, 96 32, 0.553741107767, 0.839409291744
0.20719770201, relu, 1.35363179598e-05, 128 64 32, 0.598298326143, 0.976951897144
0.803431286784, tanh, 2.81228809948e-05, 96 64 128, 0.976263687808, 26.7225589752
0.0010333139743, sigmoid, 6.98153724884e-05, 96 128 32 64, 0.516938914655, 0.813937008381
0.000976824873779, relu, 0.00037843222817, 128 96 32, 0.154313546408, 0.617781221867
0.00220978475764, sigmoid, 0.0014417530979, 96 128 32 64, 0.333090138253, 0.980551421642
0.0138203253975, tanh, 0.0003795170656, 96 32 64 128, 0.210902655807, 0.812630057335
0.00052622024989, relu, 4.51990958453e-05, 64, 0.886678438001, 0.70373660326
0.166039200911, leaky_relu, 0.095313045518, 96 32, 0.962979716161, 80.4926300049
0.0797244504782, sigmoid, 0.0011335109758, 64 96 32 128, 0.427737207617, 0.977711498737
0.000838625748917, sigmoid, 0.000998852466448, 128, 0.352175529715, 0.594116270542
0.00130282108378, tanh, 1.99083015773e-05, 128 32 64 96, 0.219192362913, 0.738087832928
0.00720807649616, leaky_relu, 0.000819276811913, 96 32, 0.96150063257, 0.977085113525
0.00529511683381, tanh, 1.92295875734e-05, 32 96 64 128, 0.728124014382, 3.43667650223
0.00130860171871, relu, 3.74619364869e-05, 128 64 96, 0.367414950444, 0.6023427248
0.000126732911656, tanh, 0.00588035126657, 96 128, 0.508497974255, 0.623582243919
0.000512683136113, sigmoid, 0.000533821191443, 64 96 32, 0.209831635461, 0.724883854389
0.115054630712, relu, 0.0398764967533, 128 64, 0.923695142286, 1.00745892525
0.109018127737, relu, 0.000111618113371, 128 96 64 32, 0.453592502568, 0.980796694756
0.00177143651224, sigmoid, 0.0271078921937, 96 128 64, 0.0557790726535, 0.980893731117
0.639181326161, tanh, 0.00366120611513, 32 64 128, 0.907886572098, 8.02002620697
0.00529900194094, leaky_relu, 0.000227630763923, 32 128 96 64, 0.41833009689, 0.706802725792
0.176395595368, leaky_relu, 0.0588507240943, 64 128 96 32, 0.79222748065, 385511.9375
0.000371968481922, leaky_relu, 0.000383218011137, 96 64 128 32, 0.643396117375, 0.836004018784
0.174477302419, relu, 0.000215816416419, 96 64 32 128, 0.972164490216, 9.27719116211
0.00358991538337, tanh, 9.73204410803e-05, 96 64, 0.654544244013, 1.62889432907
0.00501968291089, sigmoid, 0.0609524442044, 96 64, 0.178793911066, 0.98010545969
0.0940054946648, leaky_relu, 0.000349780569886, 96 32 128, 0.256972447916, 6.86030244827
0.0166296689458, tanh, 4.51462184347e-05, 32 96 128, 0.199168877938, 0.765582978725
0.000101001186406, relu, 0.000586186445651, 96 128, 0.0448405765909, 0.639228820801
0.000239915716846, sigmoid, 3.44249153174e-05, 32 64 128, 0.9953766892, 0.981098353863
0.349448684273, sigmoid, 0.00236516436731, 96 128 64 32, 0.986865204067, 0.977036774158
0.00183460280841, leaky_relu, 0.0468550890688, 64, 0.908411638564, 0.778662025928
0.333717762994, relu, 0.00125521572503, 96 32, 0.358597448138, 0.979042172432
0.142021343197, leaky_relu, 0.000509045653575, 32, 0.488939074864, 0.752053380013
0.352831703864, relu, 2.89716860539e-05, 64 128 96 32, 0.739300721788, 27.4317054749
0.000378105123421, leaky_relu, 1.24194658945e-05, 96 32 64 128, 0.911762414926, 0.969682753086
0.000312023980419, tanh, 0.00580012332004, 64 96, 0.206217035121, 0.604386389256
0.0110697102509, leaky_relu, 1.13222111485e-05, 96 32 128, 0.215773013398, 0.604929804802
0.0206745469472, leaky_relu, 2.39225666218e-05, 128 64 32, 0.0942860151955, 0.611751794815
0.0223026319876, sigmoid, 0.000131566343081, 64 128 96 32, 0.663443545202, 0.972472250462
0.00344216125351, sigmoid, 0.0188348619, 128 32, 0.965221868669, 0.979444265366
0.102162613662, leaky_relu, 0.000814656900003, 32 64 128 96, 0.311250525478, 2757.34765625
0.0498561005256, tanh, 0.00174690581514, 32 96, 0.263908538845, 0.745751976967
0.000148946559123, sigmoid, 0.0819003459831, 64 96 128 32, 0.265715401372, 0.980124473572
0.028161889857, sigmoid, 3.05672244561e-05, 32, 0.509990564311, 0.882658421993
0.049737971095, leaky_relu, 0.000141010333453, 64 32, 0.113006799032, 0.667784929276
0.0058726328896, tanh, 0.000828335357182, 96 64 32, 0.174398473711, 0.71306926012
0.0149724672164, sigmoid, 1.6607944947e-05, 128 64 32, 0.19015297588, 0.724707365036
0.983189022569, tanh, 2.93523374369e-05, 128 32 64 96, 0.735991767203, 14.5501861572
0.00252749248297, tanh, 0.000117497953249, 32 96 128 64, 0.493243172627, 1.08286237717
0.00137956182696, sigmoid, 0.0384363766314, 64 96 128 32, 0.140629110612, 0.980432927608
0.000177643601141, leaky_relu, 0.0118578413799, 32 128 96, 0.543193405107, 0.70693397522
0.0467806765886, leaky_relu, 0.0555524789211, 64 96, 0.105478796085, 0.736832797527
0.860492371037, tanh, 0.00754742677813, 64 32 128, 0.617357756234, 3.71907782555
0.00257324805482, leaky_relu, 0.0178751842991, 96 64, 0.636432225978, 0.684122622013
0.000686267241361, relu, 0.000264438182828, 128 64, 0.795032160652, 0.733547508717
0.00797072636269, sigmoid, 0.00752813296478, 128 96, 0.017458912804, 0.748382210732
0.00134499723986, sigmoid, 6.40519655066e-05, 128 96 64 32, 0.101770837935, 0.818183779716
0.00340289595337, leaky_relu, 6.78496719761e-05, 96 128 32, 0.570891003673, 0.698762238026
0.0186119079364, leaky_relu, 0.000146812995413, 64 32, 0.263606374407, 0.666180610657
0.0436579063958, relu, 0.00694870886345, 128 64 32 96, 0.6616626649, 0.972967684269
0.0176758492802, leaky_relu, 1.00359123261e-05, 128 64 32, 0.998450645735, 0.975695073605
0.0979584751927, relu, 0.00448071767199, 96 32, 0.673091422739, 0.972835421562
0.000102135652546, leaky_relu, 0.00109466828416, 128 64 96, 0.476106456935, 0.600153625011
0.0592176811569, sigmoid, 0.000577467658253, 96 32, 0.425608642326, 0.694895088673
0.00145647565712, leaky_relu, 5.83329283789e-05, 32 64 96 128, 0.796501905834, 0.973838925362
0.000356482529234, relu, 0.000158043909543, 32 128 96, 0.665540349948, 0.732311427593
0.00640656563382, tanh, 5.95930041314e-05, 32 96 64, 0.640128846567, 1.80725216866
0.000450776099654, leaky_relu, 0.000166348953484, 32 128 96, 0.625334861639, 0.72760373354
0.000104912239643, relu, 0.000651309625446, 128 96 32 64, 0.541030521281, 0.731449782848
0.00043591649141, sigmoid, 0.000583821927168, 64 96 32, 0.674899084144, 0.819470107555
0.0372301807433, leaky_relu, 0.00182223050628, 96 64 128 32, 0.81165507084, 1.2360868454
0.00313449130592, tanh, 0.00992171313987, 64 32 96, 0.669839526598, 0.864919424057
0.403804856761, leaky_relu, 5.41296095718e-05, 128 64, 0.855700013268, 351479.53125
0.00378740099966, sigmoid, 0.00022694657953, 96 32 64, 0.505150862837, 0.891314864159
0.00247992640649, leaky_relu, 0.000663142019422, 128 96, 0.958221322288, 0.931220531464
0.00233732152471, leaky_relu, 6.91493311302e-05, 32, 0.630405507013, 0.71691352129
0.879597380332, leaky_relu, 0.000296701367377, 64 32 128 96, 0.983552598873, 7.14413590022e+17
0.000122343634529, leaky_relu, 0.0427315359819, 96 128, 0.650211451834, 0.747440338135
0.000190120856594, sigmoid, 2.28705025966e-05, 32 128, 0.422020699606, 0.754725635052
0.0225840926646, sigmoid, 1.41069176985e-05, 128, 0.276761132607, 0.820338606834
0.132074733739, sigmoid, 0.0246922072762, 64, 0.835250795212, 0.825458705425
0.362533779725, leaky_relu, 0.000279621192457, 64 128, 0.931634562277, 27857.8203125
0.0137807031183, tanh, 0.000325243458328, 32 64, 0.605497221134, 1.43839049339
0.000404027840551, tanh, 4.97440809863e-05, 128 96 64, 0.166687391636, 0.595780074596
0.00107471136729, sigmoid, 0.00048668003913, 128 32, 0.190518474293, 0.618735015392
0.5523099236, tanh, 0.00368333629629, 128 32, 0.28394767178, 0.826838970184
0.0513000027506, relu, 0.00908970511356, 128 32 64 96, 0.849625108011, 0.985398888588
0.00127843747593, relu, 0.0297121681451, 128 96 64 32, 0.189483322316, 0.976094067097
0.0683814527583, relu, 0.0145937937445, 96 128 32 64, 0.592311815537, 0.94893848896
0.00047687735145, sigmoid, 0.00846473138833, 64 128 32 96, 0.737014195728, 0.981059134007
0.268777809158, leaky_relu, 0.000153758569607, 128 64 96, 0.40739361692, 54629.5625
0.0267751714101, sigmoid, 0.0123923744035, 128 64 96, 0.82587956952, 0.976211547852
0.0666188695848, sigmoid, 0.00646013884786, 128 32 64, 0.732672065563, 0.977176785469
0.00192444748928, leaky_relu, 0.00923433981598, 128 96 32, 0.842434283168, 0.810396075249
0.536865960912, sigmoid, 0.0005015466733, 32 64, 0.362167168999, 0.734340250492
0.000394084871019, sigmoid, 0.000551674581893, 64 96 128 32, 0.890380774459, 0.980008721352
0.0843306577846, tanh, 0.0245829231484, 32 64 128 96, 0.203155633477, 0.668669402599
0.000695948601849, leaky_relu, 0.000738854798003, 128 32 96 64, 0.0969976521458, 0.592492520809
0.0589668353468, leaky_relu, 0.00985101929645, 128 96 64 32, 0.545445402347, 0.833967864513
0.0003458613182, sigmoid, 0.000292018607276, 128 96, 0.144677266761, 0.614820182323
0.00130517294873, tanh, 0.00480316706002, 32 128 64, 0.166280368504, 0.634174823761
0.863688709945, relu, 0.000485203754807, 64 96, 0.66646142256, 1.65470731258
0.310808207252, sigmoid, 0.00512488484755, 96 64 128, 0.721442500118, 0.976791858673
0.113540728142, tanh, 0.00467441099645, 64 96 32, 0.871240517975, 0.991491258144
0.326458879424, leaky_relu, 6.68684112208e-05, 32, 0.637538784664, 12.4293012619
0.0350059342186, leaky_relu, 2.15372617196e-05, 96 128 64 32, 0.45959257155, 0.944011986256
0.081553845212, relu, 0.00457345515784, 96 32, 0.628988019835, 0.974209487438
0.00062342805895, relu, 0.00974838870949, 64 32 128, 0.328792118701, 0.622850716114
0.317136679608, sigmoid, 0.000322788332724, 64 96 128, 0.660846140456, 0.995716512203
0.368971040447, relu, 0.00660038843195, 32 96 64 128, 0.374474346116, 0.97627300024
0.00018760914737, tanh, 0.000233782377061, 96 128 64, 0.461280513765, 0.694684505463
0.215238875855, sigmoid, 0.0440592125904, 64 128 32 96, 0.147985064461, 0.980681121349
0.180977747848, tanh, 0.0902216972939, 128 64 32, 0.680328069838, 0.972126960754
0.483892078127, tanh, 0.000150718605736, 96 64 32, 0.833435005296, 2.0078151226
0.0984953094993, tanh, 0.00663889992424, 32 64 96, 0.746167674631, 3.74167346954
0.00370838649852, leaky_relu, 1.85812850785e-05, 64 128 32 96, 0.288176792651, 0.586099803448
0.0171011267907, tanh, 0.000557685625316, 64 96 128, 0.44311969637, 1.0983273983
0.000247615310789, tanh, 0.00816863226209, 128 32 96 64, 0.436576705024, 0.730147063732
0.231606775124, tanh, 0.00408994665819, 96 32 64 128, 0.0171767192926, 0.682461321354
0.00162366234735, sigmoid, 0.000343406493101, 96 32 128, 0.0230057044786, 0.631539046764
0.450315067457, relu, 0.000170841109203, 64 128 96, 0.840252869762, 46.7468681335
0.00209073406112, sigmoid, 0.000318638818032, 96 32, 0.439969990153, 0.671381950378
0.0146503906821, sigmoid, 7.10772331307e-05, 128 32 96, 0.275483262837, 0.815176725388
0.00715603291233, relu, 0.000408730616373, 128 64 32 96, 0.9920434758, 0.975635945797
0.992569498436, relu, 0.0373920862446, 64 32 128 96, 0.289531128956, 0.98018604517
0.349291299369, relu, 0.000889260958881, 64 32 128, 0.550648563424, 0.978144645691
0.0108649983741, tanh, 0.080020188639, 128 96 64, 0.111369441596, 0.975795924664
0.000341164942007, sigmoid, 0.000300920692588, 64 128, 0.109231277425, 0.647866308689
0.177989459534, relu, 0.010882665725, 128 64 32, 0.0943736970877, 0.923754453659
0.011459022259, tanh, 4.20122623949e-05, 96 128, 0.8036733585, 6.51546192169
0.0028960439128, leaky_relu, 0.000105077022313, 64, 0.234054241963, 0.603627741337
0.000384589836412, tanh, 0.00503900155719, 32 64 128, 0.538475300517, 0.831776559353
0.00200508200828, relu, 0.000449991622288, 96 128, 0.218583429089, 0.601848721504
0.00160563990336, tanh, 1.46498192735e-05, 64 128 32 96, 0.458724555048, 0.868421971798
0.0100288813121, sigmoid, 0.000522538880915, 96 128 32, 0.546440771295, 0.977153480053
0.000117057332635, leaky_relu, 0.000117758930705, 32 128 96, 0.685425023693, 0.791887402534
0.000248690996717, tanh, 0.000915403810427, 96, 0.706071584009, 0.661197125912
0.00159460826226, leaky_relu, 0.00906067704812, 64 32 128, 0.441820188288, 0.678920686245
0.00163255519808, leaky_relu, 0.00230777516944, 32 64 128, 0.640065795312, 0.729953885078
0.00144408273898, sigmoid, 0.000698136287081, 64, 0.972680198016, 0.767546355724
0.00248062636392, relu, 0.0289821080834, 128 64 32 96, 0.380641281301, 0.978340148926
0.5980644056, sigmoid, 0.000199772034582, 32 96, 0.810671627303, 1.0098130703
0.000819197524119, leaky_relu, 0.00245821605759, 128 32 64, 0.407885758184, 0.634818017483
0.472156695407, tanh, 0.000538079033547, 128 32 96, 0.171962612021, 0.858743011951
0.00846519512855, sigmoid, 0.00732244067837, 128 64 32, 0.408364191312, 0.979528367519
0.0260277992446, relu, 0.000592091853121, 64 128, 0.768683450752, 0.965758979321
0.067898141918, tanh, 1.1967848644e-05, 32 128 64, 0.282549648689, 0.799548149109
0.424045794659, leaky_relu, 0.000783526714654, 96, 0.658535924425, 169.139785767
0.81388830281, tanh, 2.54048343718e-05, 128 96 64 32, 0.266336549915, 1.55308520794
0.0289490580902, tanh, 0.0567041300669, 128 96 32, 0.96789498334, 0.976212203503
0.124390260562, relu, 0.000434779714106, 64 128 96 32, 0.0384946957086, 0.980847895145
0.00277861828605, leaky_relu, 4.05528788187e-05, 96 128 64, 0.532895145586, 0.611130177975
0.00108980266558, tanh, 0.0355314297962, 32 64 128 96, 0.27299165639, 0.761011898518
0.00847152126019, leaky_relu, 0.00133805242846, 32 96 128, 0.390421302795, 0.622017204762
0.136757155551, tanh, 0.000435727673468, 96 128 32, 0.0712921516235, 0.706598699093
0.000141605877456, tanh, 0.00433425650199, 128 96 32, 0.697486311449, 0.75144892931
0.064487435618, relu, 0.00416032316695, 128 32 96 64, 0.980751470157, 0.976278364658
0.000791290768968, relu, 0.00561156987506, 32 64 128 96, 0.673299719379, 0.748175024986
0.000232518586753, sigmoid, 0.00036100856059, 32 128 64 96, 0.645291972735, 0.980952262878
0.032643107175, relu, 0.00703609965292, 128 96 32 64, 0.708752543218, 0.974871814251
0.02137129258, relu, 0.0173211901616, 128 32 64 96, 0.573460401486, 0.976971447468
0.000453725108273, tanh, 0.0208179034865, 64 128, 0.415690284062, 0.589080393314
0.735813795198, relu, 8.24310644862e-05, 128 96 32 64, 0.204244424248, 52.8937683105
0.129179650923, sigmoid, 0.000467907922559, 96 32 64, 0.00394120342073, 0.741664767265
0.000838371246257, relu, 0.0249368034581, 32 128 64 96, 0.125706743534, 0.977671980858
0.099819922363, tanh, 0.000552366996348, 32 96 64, 0.212169954346, 0.728395164013
0.101571161666, leaky_relu, 0.000929573583068, 96 128 64 32, 0.509126863028, 108068.960938
0.052502416918, leaky_relu, 0.000168581299092, 32 128, 0.205299091345, 0.752039909363
0.00101506695211, relu, 0.0239689147214, 96 64 32 128, 0.618410903332, 0.978425323963
0.00443700304686, relu, 0.000243804624479, 64 96, 0.493797425369, 0.629493951797
0.398169244446, sigmoid, 0.000608239161923, 32 96 64, 0.930004972329, 1.04149711132
0.22755554541, leaky_relu, 0.0119901782282, 32 64 96 128, 0.0781796173641, 2181949.25
0.168870707682, relu, 0.0963965217221, 64 96, 0.558334751932, 0.863876223564
0.000129708572297, tanh, 0.00357645213195, 64 128 96 32, 0.463899254848, 0.730111122131
0.0957814382507, tanh, 0.0900467614312, 32 64 96, 0.729939078091, 0.973083019257
0.000105006470494, relu, 0.000519457573944, 128 32 64 96, 0.393877446084, 0.613032102585
0.00171898592561, leaky_relu, 0.000124823499586, 32 64 128, 0.51906004859, 0.680359005928
0.00924041789188, relu, 0.00449895296939, 96 64, 0.312293239578, 0.575747668743
0.00898361568787, sigmoid, 0.000530158254452, 32 128 96 64, 0.246493136255, 0.977047383785
0.000104994553985, tanh, 0.064244056834, 128 96 32, 0.888290618476, 0.973132312298
0.298883837472, sigmoid, 0.040422413864, 32 96 64 128, 0.623920687681, 0.978209376335
0.000757863893829, relu, 0.0972871077345, 32 64, 0.491411208449, 0.972885549068
0.732801028747, sigmoid, 0.00889739453437, 64 96 32, 0.878843090372, 0.975344836712
0.00678010337101, tanh, 1.06379528281e-05, 128 64 96, 0.660170132448, 2.39012479782
0.304316226208, tanh, 0.0351186418764, 32 96 128, 0.650474690275, 0.882305920124
0.0200769348533, sigmoid, 1.59212056663e-05, 96 32 128, 0.0908959211614, 0.827965080738
0.000489851311294, sigmoid, 0.00435378922738, 64 128 96, 0.0259477073916, 0.981028854847
0.00380376049572, leaky_relu, 0.00801982072329, 32 128 64, 0.925300495178, 0.947582662106
0.157012578238, leaky_relu, 0.0291089715285, 64 32, 0.403286471192, 0.760201573372
0.0192749061614, tanh, 0.00309994974638, 64 128 32 96, 0.572488089251, 1.31643760204
0.549016807141, tanh, 0.00881738332806, 32 128, 0.868893939617, 3.02351999283
0.100951433331, relu, 0.00479228264085, 96 64 128 32, 0.821223359148, 0.980022609234
0.00618380281975, relu, 5.48643603872e-05, 64 96 128, 0.232560090981, 0.621131777763
0.000113617536918, sigmoid, 8.77673828002e-05, 32 128, 0.244803557462, 0.653684556484
0.37250789198, tanh, 2.25625133804e-05, 64 128 96, 0.183684096334, 1.22083365917
0.000316497319527, tanh, 0.0151748794667, 128 96 64, 0.232945488548, 0.606104373932
0.55696179971, tanh, 1.1632995777e-05, 32 96 64 128, 0.433570028388, 5.68285083771
0.407855523419, leaky_relu, 0.0930258075997, 32 128 96, 0.623834245961, 34149748.0
0.00654401044117, leaky_relu, 0.000117801858444, 96 64 128 32, 0.39403118987, 0.644168257713
0.00280444445362, leaky_relu, 0.0454385471584, 96 128 64 32, 0.157545025462, 0.977292776108
0.583937606717, sigmoid, 0.00174102637171, 128 64 32, 0.922360426736, 0.977610349655
0.161120225259, tanh, 0.00230070799193, 32 64 128 96, 0.878080850541, 1.6444671154
0.0533164662303, tanh, 0.034977916641, 32 128, 0.066528983352, 0.594438612461
0.00970418922402, leaky_relu, 0.0189124324769, 96 64 128, 0.946928777268, 0.978875279427
0.0352763693159, sigmoid, 0.000704083035301, 128 32 64, 0.901664560635, 0.97620433569
0.00893883197359, leaky_relu, 0.00665065035522, 64 96 128 32, 0.269807997197, 0.738705158234
0.000610887433812, sigmoid, 0.00011781456398, 128 96, 0.255966572035, 0.650050699711
0.843632138977, sigmoid, 3.86658068862e-05, 128 96 32 64, 0.365394912259, 0.98380023241
0.137418108034, relu, 0.00919042933677, 96 64 128, 0.937805711915, 2.2522585392
0.00174522108721, tanh, 1.1443972484e-05, 96 128 64, 0.919376648156, 0.858953535557
0.0573147248873, tanh, 1.78220313093e-05, 32 128 96, 0.630491232857, 2.13247251511
0.00160130585597, sigmoid, 1.60048423237e-05, 32 64 96 128, 0.39898372991, 0.862698674202
0.000127080939604, leaky_relu, 0.0481739920466, 64 32, 0.103023126849, 0.748159229755
0.000592105490373, sigmoid, 0.000821861472055, 128, 0.0506762435927, 0.620435059071
0.290083166972, sigmoid, 5.13263918907e-05, 64 128 96 32, 0.18208291652, 0.995061159134
0.00448758617741, relu, 0.00103091709303, 64 128 32 96, 0.57771218945, 0.730503559113
0.014838362847, sigmoid, 0.000109121158052, 96 32 64, 0.352098198125, 0.713912844658
0.044392891814, leaky_relu, 2.19276415869e-05, 128 96 32, 0.687324990679, 1.15832483768
0.155094967791, leaky_relu, 1.84411118158e-05, 96 128 32, 0.440266812236, 15507.0957031
0.844073280093, relu, 0.000106039828022, 128 96 32 64, 0.661903101896, 74.9187850952
0.468374787987, leaky_relu, 0.000157412638563, 96 128, 0.943657565613, 415569.71875
0.00204693773527, relu, 2.69495575725e-05, 64 96, 0.335465572175, 0.607379257679
0.0082446360731, tanh, 0.00249134355795, 32 128 64 96, 0.423191220282, 0.769759058952
0.0344106729549, relu, 0.0304658617863, 96, 0.883794904266, 0.769539773464
0.0254675244841, leaky_relu, 0.0241798010083, 32 64 128, 0.856080677248, 0.938647031784
0.000162449196893, sigmoid, 0.000118253305974, 32 64 128 96, 0.476243480506, 0.810799062252
0.0137129434354, tanh, 1.373975007e-05, 96 64 128, 0.789676731294, 5.93771934509
0.0108859404508, relu, 0.000303115486464, 32 96 64, 0.613865544258, 0.771847307682
0.0978236232664, relu, 0.00461372159128, 64 96, 0.687288403327, 0.970510900021
0.00399268480016, sigmoid, 0.012938875536, 128 96 32, 0.439583272133, 0.980428934097
0.0130254750872, tanh, 3.80692954646e-05, 32 128 96 64, 0.807651301146, 4.89154148102
0.363745741484, leaky_relu, 0.000287026735824, 96 128 32, 0.0562242549819, 706.543151855
0.781195098797, relu, 0.00117849272601, 64 32, 0.551457396082, 0.980565309525
0.00382521323741, tanh, 0.0014218313509, 128 32, 0.36268384352, 0.712060332298
0.00019714226476, relu, 0.0835811265001, 128 96 64 32, 0.342266940398, 0.97497677803
0.00907680076627, sigmoid, 0.000162762483553, 64 128 32, 0.724677854873, 2.42296099663
0.649793727916, leaky_relu, 0.000104398939796, 32 64 128 96, 0.78092930635, 2.89533119693e+12
0.137876146536, leaky_relu, 0.00225149021191, 32 64 96 128, 0.508951089697, 499163.6875
0.512881925052, sigmoid, 0.0113032946327, 128 64 32, 0.299727542801, 0.977278292179
0.000122262745233, relu, 0.00533035990204, 96 32 128 64, 0.812396158274, 0.97293484211
0.000471380985615, leaky_relu, 0.00766365766895, 32 128 96 64, 0.356688290595, 0.721626222134
0.878593239167, relu, 1.55365848783e-05, 128 64, 0.54842513395, 0.987152576447
0.0567529753474, leaky_relu, 0.00484824751778, 64 32 96, 0.219846210332, 0.694923698902
0.012038714858, leaky_relu, 3.34235933832e-05, 128 64 96, 0.426801203634, 0.663811028004
0.000240930608022, relu, 0.059012774614, 32 64 128, 0.505910108426, 0.972261488438
0.086395600737, tanh, 0.00155754196921, 96 64 128 32, 0.562064722368, 1.08974206448
0.0200343899259, leaky_relu, 3.54885478673e-05, 128 64 96 32, 0.277837834564, 0.674100399017
0.0031544243204, sigmoid, 7.22531732832e-05, 128 96 32, 0.28208757863, 0.70417124033
0.0120068984829, tanh, 0.0206779623479, 32 64 96 128, 0.95641945424, 0.978160202503
0.00691607423968, leaky_relu, 0.0011613029329, 64 96 32, 0.882402673619, 0.97458422184
0.0939681052099, leaky_relu, 0.0709852364399, 64 96 32 128, 0.431678437078, 0.975202679634
0.00893076087348, tanh, 0.00454984988449, 32 96 64, 0.795595770981, 2.30730485916
0.0061078194956, leaky_relu, 0.000829325718061, 128 64 32, 0.181008520701, 0.635026156902
0.00698697983313, leaky_relu, 0.0483515426506, 128 96 64 32, 0.576561889678, 0.977153360844
0.000871115341918, leaky_relu, 0.00315542034784, 96 64 32 128, 0.905394312594, 0.973171055317
